County,Tabulator,Batch,# of Ballots,Location
Adams,101,1,98,Blue-1
Adams,101,2,99,Blue-1
Adams,101,3,98,Blue-1
Adams,101,4,100,Blue-1
Adams,101,5,100,Blue-1
Adams,101,6,100,Blue-1
Adams,101,7,100,Blue-1
Adams,101,8,100,Blue-1
Adams,101,9,99,Blue-1
Adams,101,10,99,Blue-1
Adams,101,11,100,Blue-2
Adams,101,12,100,Blue-2
Adams,101,13,100,Blue-2
Adams,101,14,100,Blue-2
Adams,101,15,100,Blue-2
Adams,101,16,100,Blue-2
Adams,101,17,100,Blue-2
Adams,101,18,100,Blue-2
Adams,101,19,100,Blue-2
Adams,101,20,100,Blue-2
Adams,101,21,23,Blue-2
Adams,101,22,23,Blue-2
Adams,101,23,100,Blue-3
Adams,101,24,100,Blue-3
Adams,101,25,100,Blue-3
Adams,101,26,100,Blue-3
Adams,101,27,96,Blue-3
Adams,101,28,96,Blue-3
Adams,101,29,100,Blue-3
Adams,101,30,100,Blue-3
Adams,101,31,100,Blue-3
Adams,101,32,100,Blue-3
Adams,101,33,100,Blue-4
Adams,101,34,100,Blue-4
Adams,101,35,100,Blue-4
Adams,101,36,100,Blue-4
Adams,101,37,99,Blue-4
Adams,101,38,100,Blue-4
Adams,101,39,100,Blue-4
Adams,101,40,100,Blue-4
Adams,101,41,28,Blue-4
Adams,101,42,99,Blue-4
Adams,101,43,100,Blue-4
Adams,101,44,99,Blue-5
Adams,101,45,100,Blue-5
Adams,101,46,100,Blue-5
Adams,101,47,100,Blue-5
Adams,101,48,100,Blue-5
Adams,101,49,100,Blue-5
Adams,101,50,13,Blue-5
Adams,101,51,13,Blue-5
Adams,101,52,99,Blue-5
Adams,101,53,100,Blue-5
Adams,101,54,100,Blue-5
Adams,101,55,100,Blue-5
Adams,101,56,100,Blue-6
Adams,101,57,100,Blue-6
Adams,101,58,98,Blue-6
Adams,101,59,99,Blue-6
Adams,101,60,100,Blue-6
Adams,101,61,100,Blue-6
Adams,101,62,100,Blue-6
Adams,101,63,100,Blue-6
Adams,101,64,100,Blue-6
Adams,101,65,100,Blue-6
Adams,101,66,99,Blue-7
Adams,101,67,99,Blue-7
Adams,101,68,100,Blue-7
Adams,101,69,100,Blue-7
Adams,101,70,100,Blue-7
Adams,101,71,100,Blue-7
Adams,101,72,99,Blue-7
Adams,101,73,100,Blue-7
Adams,101,74,95,Blue-7
Adams,101,75,99,Blue-7
Adams,101,76,99,Blue-7
Adams,101,77,100,Blue-7
Adams,101,78,100,Blue-8
Adams,101,79,99,Blue-8
Adams,101,80,100,Blue-8
Adams,101,81,100,Blue-8
Adams,101,82,100,Blue-8
Adams,101,83,100,Blue-8
Adams,101,84,100,Blue-8
Adams,101,85,79,Blue-8
Adams,101,86,79,Blue-8
Adams,101,87,100,Blue-9
Adams,101,88,100,Blue-9
Adams,101,89,99,Blue-9
Adams,101,90,100,Blue-9
Adams,101,91,99,Blue-9
Adams,101,92,99,Blue-9
Adams,101,93,100,Blue-9
Adams,101,94,100,Blue-9
Adams,101,95,100,Blue-9
Adams,101,96,100,Blue-9
Adams,101,97,97,Blue-10
Adams,101,98,98,Blue-10
Adams,101,99,100,Blue-10
Adams,101,100,100,Blue-10
Adams,101,101,99,Blue-10
Adams,101,102,99,Blue-10
Adams,101,103,100,Blue-10
Adams,101,104,100,Blue-10
Adams,101,105,99,Blue-10
Adams,101,106,100,Blue-10
Adams,101,107,100,Blue-11
Adams,101,108,99,Blue-11
Adams,101,109,99,Blue-11
Adams,101,110,100,Blue-11
Adams,101,111,100,Blue-11
Adams,101,112,100,Blue-11
Adams,101,113,100,Blue-11
Adams,101,114,100,Blue-11
Adams,101,115,99,Blue-11
Adams,101,116,100,Blue-11
Adams,101,117,100,Blue-12
Adams,101,118,100,Blue-12
Adams,101,119,100,Blue-12
Adams,101,120,100,Blue-12
Adams,101,121,100,Blue-12
Adams,101,122,100,Blue-12
Adams,101,123,99,Blue-12
Adams,101,124,100,Blue-12
Adams,101,125,100,Blue-12
Adams,101,126,100,Blue-12
Adams,101,127,99,Blue-13
Adams,101,128,100,Blue-13
Adams,101,129,100,Blue-13
Adams,101,130,100,Blue-13
Adams,101,131,99,Blue-13
Adams,101,132,99,Blue-13
Adams,101,133,99,Blue-13
Adams,101,134,99,Blue-13
Adams,101,135,99,Blue-13
Adams,101,136,100,Blue-13
Adams,101,137,100,Blue-14
Adams,101,138,100,Blue-14
Adams,101,139,99,Blue-14
Adams,101,140,99,Blue-14
Adams,101,141,99,Blue-14
Adams,101,142,100,Blue-14
Adams,101,143,100,Blue-14
Adams,101,144,99,Blue-14
Adams,101,145,100,Blue-14
Adams,101,146,100,Blue-14
Adams,101,147,99,Blue-15
Adams,101,148,99,Blue-15
Adams,101,149,98,Blue-15
Adams,101,150,100,Blue-15
Adams,101,151,100,Blue-15
Adams,101,152,100,Blue-15
Adams,101,153,100,Blue-15
Adams,101,154,99,Blue-15
Adams,101,155,100,Blue-15
Adams,101,156,100,Blue-15
Adams,101,157,89,Blue-16
Adams,101,158,89,Blue-16
Adams,101,159,100,Blue-16
Adams,101,160,100,Blue-16
Adams,101,161,97,Blue-16
Adams,101,162,99,Blue-16
Adams,101,163,99,Blue-16
Adams,101,164,100,Blue-16
Adams,101,165,99,Blue-16
Adams,101,166,99,Blue-16
Adams,101,167,100,Blue-17
Adams,101,168,100,Blue-17
Adams,101,169,100,Blue-17
Adams,101,170,100,Blue-17
Adams,101,171,100,Blue-17
Adams,101,172,100,Blue-17
Adams,101,173,100,Blue-17
Adams,101,174,100,Blue-17
Adams,101,175,100,Blue-17
Adams,101,176,100,Blue-17
Adams,101,177,100,Blue-18
Adams,101,178,100,Blue-18
Adams,101,179,98,Blue-18
Adams,101,180,3,Blue-18
Adams,101,181,95,Blue-18
Adams,101,182,99,Blue-18
Adams,101,183,98,Blue-18
Adams,101,184,100,Blue-18
Adams,101,185,100,Blue-18
Adams,101,186,60,Blue-18
Adams,101,187,60,Blue-18
Adams,101,188,33,Blue-18
Adams,101,189,33,Blue-18
Adams,101,190,100,Blue-19
Adams,101,191,100,Blue-19
Adams,101,192,29,Blue-19
Adams,101,193,71,Blue-19
Adams,101,194,100,Blue-19
Adams,101,195,100,Blue-19
Adams,101,196,100,Blue-19
Adams,101,197,99,Blue-19
Adams,101,198,99,Blue-19
Adams,101,199,100,Blue-19
Adams,101,200,100,Blue-19
Adams,101,201,100,Blue-20
Adams,101,202,100,Blue-20
Adams,101,203,79,Blue-20
Adams,101,204,79,Blue-20
Adams,101,205,98,Blue-20
Adams,101,206,100,Blue-20
Adams,101,207,99,Blue-20
Adams,101,208,100,Blue-20
Adams,101,209,100,Blue-20
Adams,101,210,100,Blue-20
Adams,101,211,98,Blue-21
Adams,101,212,99,Blue-21
Adams,101,213,100,Blue-21
Adams,101,214,100,Blue-21
Adams,101,215,100,Blue-21
Adams,101,216,100,Blue-21
Adams,101,217,80,Blue-21
Adams,101,218,80,Blue-21
Adams,101,219,100,Blue-21
Adams,101,220,100,Blue-21
Adams,101,221,49,Blue-21
Adams,101,222,49,Blue-21
Adams,101,223,100,Blue-22
Adams,101,224,100,Blue-22
Adams,101,225,99,Blue-22
Adams,101,226,99,Blue-22
Adams,101,227,100,Blue-22
Adams,101,228,100,Blue-22
Adams,101,229,100,Blue-22
Adams,101,230,100,Blue-22
Adams,101,231,99,Blue-22
Adams,101,232,100,Blue-22
Adams,101,233,99,Blue-23
Adams,101,234,100,Blue-23
Adams,101,235,100,Blue-23
Adams,101,236,100,Blue-23
Adams,101,237,99,Blue-23
Adams,101,238,99,Blue-23
Adams,101,239,100,Blue-23
Adams,101,240,98,Blue-23
Adams,101,241,100,Blue-23
Adams,101,242,35,Blue-23
Adams,101,243,65,Blue-23
Adams,101,244,99,Blue-24
Adams,101,245,100,Blue-24
Adams,101,246,100,Blue-24
Adams,101,247,100,Blue-24
Adams,101,248,100,Blue-24
Adams,101,249,98,Blue-24
Adams,101,250,100,Blue-24
Adams,101,251,100,Blue-24
Adams,101,252,99,Blue-24
Adams,101,253,100,Blue-24
Adams,101,254,100,Blue-25
Adams,101,255,100,Blue-25
Adams,101,256,100,Blue-25
Adams,101,257,98,Blue-25
Adams,101,258,101,Blue-25
Adams,101,259,100,Blue-25
Adams,101,260,100,Blue-25
Adams,101,261,100,Blue-25
Adams,101,262,100,Blue-25
Adams,101,263,100,Blue-25
Adams,101,264,100,Blue-26
Adams,101,265,100,Blue-26
Adams,101,266,100,Blue-26
Adams,101,267,100,Blue-26
Adams,101,268,100,Blue-26
Adams,101,269,99,Blue-26
Adams,101,270,100,Blue-26
Adams,101,271,100,Blue-26
Adams,101,272,100,Blue-26
Adams,101,273,100,Blue-26
Adams,101,274,100,Blue-27
Adams,101,275,99,Blue-27
Adams,101,276,99,Blue-27
Adams,101,277,100,Blue-27
Adams,101,278,100,Blue-27
Adams,101,279,99,Blue-27
Adams,101,280,100,Blue-27
Adams,101,281,100,Blue-27
Adams,101,282,100,Blue-27
Adams,101,283,98,Blue-27
Adams,101,284,99,Blue-28
Adams,101,285,99,Blue-28
Adams,101,286,99,Blue-28
Adams,101,287,100,Blue-28
Adams,101,288,100,Blue-28
Adams,101,289,100,Blue-28
Adams,101,290,100,Blue-28
Adams,101,291,100,Blue-28
Adams,101,292,100,Blue-28
Adams,101,293,99,Blue-28
Adams,101,294,99,Blue-29
Adams,101,295,100,Blue-29
Adams,101,296,100,Blue-29
Adams,101,297,100,Blue-29
Adams,101,298,99,Blue-29
Adams,101,299,100,Blue-29
Adams,101,300,100,Blue-29
Adams,101,301,99,Blue-29
Adams,101,302,100,Blue-29
Adams,101,303,100,Blue-29
Adams,101,304,100,Blue-30
Adams,101,305,100,Blue-30
Adams,101,306,100,Blue-30
Adams,101,307,100,Blue-30
Adams,101,308,99,Blue-30
Adams,101,309,101,Blue-30
Adams,101,310,100,Blue-30
Adams,101,311,100,Blue-30
Adams,101,312,100,Blue-30
Adams,101,313,100,Blue-30
Adams,101,314,61,Blue-31
Adams,101,315,61,Blue-31
Adams,101,316,100,Blue-31
Adams,101,317,100,Blue-31
Adams,101,318,39,Blue-31
Adams,101,319,39,Blue-31
Adams,101,320,99,Blue-31
Adams,101,321,100,Blue-31
Adams,101,322,99,Blue-31
Adams,101,323,99,Blue-31
Adams,101,324,100,Blue-31
Adams,101,325,100,Blue-31
Adams,101,326,99,Blue-32
Adams,101,327,100,Blue-32
Adams,101,328,100,Blue-32
Adams,101,329,100,Blue-32
Adams,101,330,100,Blue-32
Adams,101,331,100,Blue-32
Adams,101,332,100,Blue-32
Adams,101,333,99,Blue-32
Adams,101,334,100,Blue-32
Adams,101,335,99,Blue-32
Adams,101,336,99,Blue-33
Adams,101,337,100,Blue-33
Adams,101,338,99,Blue-33
Adams,101,339,100,Blue-33
Adams,101,340,100,Blue-33
Adams,101,341,100,Blue-33
Adams,101,342,100,Blue-33
Adams,101,343,100,Blue-33
Adams,101,344,100,Blue-33
Adams,101,345,100,Blue-33
Adams,101,346,100,Blue-34
Adams,101,347,100,Blue-34
Adams,101,348,100,Blue-34
Adams,101,349,100,Blue-34
Adams,101,350,100,Blue-34
Adams,101,351,100,Blue-34
Adams,101,352,100,Blue-34
Adams,101,353,100,Blue-34
Adams,101,354,100,Blue-34
Adams,101,355,100,Blue-34
Adams,101,356,100,Blue-35
Adams,101,357,100,Blue-35
Adams,101,358,83,Blue-35
Adams,101,359,82,Blue-35
Adams,101,360,100,Blue-35
Adams,101,361,100,Blue-35
Adams,101,362,100,Blue-35
Adams,101,363,99,Blue-35
Adams,101,364,100,Blue-35
Adams,101,365,100,Blue-35
Adams,101,366,100,Blue-36
Adams,101,367,100,Blue-36
Adams,101,368,100,Blue-36
Adams,101,369,100,Blue-36
Adams,101,370,100,Blue-36
Adams,101,371,100,Blue-36
Adams,101,372,100,Blue-36
Adams,101,373,99,Blue-36
Adams,101,374,100,Blue-36
Adams,101,375,100,Blue-36
Adams,101,376,99,Blue-37
Adams,101,377,99,Blue-37
Adams,101,378,100,Blue-37
Adams,101,379,100,Blue-37
Adams,101,380,99,Blue-37
Adams,101,381,99,Blue-37
Adams,101,382,99,Blue-37
Adams,101,383,100,Blue-37
Adams,101,384,100,Blue-37
Adams,101,385,100,Blue-37
Adams,101,386,100,Blue-38
Adams,101,387,100,Blue-38
Adams,101,388,100,Blue-38
Adams,101,389,100,Blue-38
Adams,101,390,100,Blue-38
Adams,101,391,100,Blue-38
Adams,101,392,100,Blue-38
Adams,101,393,100,Blue-38
Adams,101,394,99,Blue-38
Adams,101,395,100,Blue-38
Adams,101,396,99,Blue-39
Adams,101,397,100,Blue-39
Adams,101,398,99,Blue-39
Adams,101,399,100,Blue-39
Adams,101,400,100,Blue-39
Adams,101,401,100,Blue-39
Adams,101,402,100,Blue-39
Adams,101,403,99,Blue-39
Adams,101,404,100,Blue-39
Adams,101,405,100,Blue-39
Adams,101,406,100,Blue-40
Adams,101,407,99,Blue-40
Adams,101,408,99,Blue-40
Adams,101,409,98,Blue-40
Adams,101,410,100,Blue-40
Adams,101,411,100,Blue-40
Adams,101,412,100,Blue-40
Adams,101,413,100,Blue-40
Adams,101,414,101,Blue-40
Adams,101,415,99,Blue-40
Adams,101,416,14,Blue-41
Adams,101,417,14,Blue-41
Adams,101,418,99,Blue-41
Adams,101,419,99,Blue-41
Adams,101,420,100,Blue-41
Adams,101,421,100,Blue-41
Adams,101,422,100,Blue-41
Adams,101,423,99,Blue-41
Adams,101,424,100,Blue-41
Adams,101,425,100,Blue-41
Adams,101,426,99,Blue-41
Adams,101,427,98,Blue-41
Adams,101,428,99,Blue-42
Adams,101,429,99,Blue-42
Adams,101,430,100,Blue-42
Adams,101,431,100,Blue-42
Adams,101,432,100,Blue-42
Adams,101,433,100,Blue-42
Adams,101,435,99,Blue-42
Adams,101,436,99,Blue-42
Adams,101,437,99,Blue-42
Adams,101,438,100,Blue-42
Adams,101,439,100,Blue-43
Adams,101,440,100,Blue-43
Adams,101,441,100,Blue-43
Adams,101,442,99,Blue-45
Adams,101,443,99,Blue-45
Adams,101,444,99,Blue-45
Adams,101,445,100,Blue-45
Adams,101,446,100,Blue-45
Adams,101,447,98,Blue-45
Adams,101,448,99,Blue-45
Adams,101,449,100,Blue-45
Adams,101,450,100,Blue-45
Adams,101,451,100,Blue-45
Adams,101,452,99,Blue-46
Adams,101,453,99,Blue-46
Adams,101,454,100,Blue-46
Adams,101,455,100,Blue-46
Adams,101,456,99,Blue-46
Adams,101,457,99,Blue-46
Adams,101,458,58,Blue-46
Adams,101,459,58,Blue-46
Adams,101,460,100,Blue-46
Adams,101,461,99,Blue-46
Adams,101,462,100,Blue-46
Adams,101,463,100,Blue-46
Adams,101,464,100,Blue-47
Adams,101,465,100,Blue-47
Adams,101,466,100,Blue-47
Adams,101,467,100,Blue-47
Adams,101,468,100,Blue-47
Adams,101,469,100,Blue-47
Adams,101,470,95,Blue-47
Adams,101,471,95,Blue-47
Adams,101,472,96,Blue-47
Adams,101,473,99,Blue-47
Adams,101,474,98,Blue-48
Adams,101,475,100,Blue-48
Adams,101,476,100,Blue-48
Adams,101,477,100,Blue-48
Adams,101,478,100,Blue-48
Adams,101,479,100,Blue-48
Adams,101,480,100,Blue-48
Adams,101,481,100,Blue-48
Adams,101,482,100,Blue-48
Adams,101,483,100,Blue-48
Adams,101,484,99,Blue-49
Adams,101,485,99,Blue-49
Adams,101,486,100,Blue-49
Adams,101,487,100,Blue-49
Adams,101,488,101,Blue-49
Adams,101,489,100,Blue-49
Adams,101,490,97,Blue-49
Adams,101,491,98,Blue-49
Adams,101,492,100,Blue-49
Adams,101,493,100,Blue-49
Adams,101,494,100,Blue-50
Adams,101,495,100,Blue-50
Adams,101,496,53,Blue-50
Adams,101,497,54,Blue-50
Adams,101,498,98,Blue-50
Adams,101,499,99,Blue-50
Adams,101,500,100,Blue-50
Adams,101,501,100,Blue-50
Adams,101,502,100,Blue-50
Adams,101,503,100,Blue-50
Adams,101,504,78,Blue-51
Adams,101,505,78,Blue-51
Adams,101,506,100,Blue-51
Adams,101,507,100,Blue-51
Adams,101,508,95,Blue-51
Adams,101,509,95,Blue-51
Adams,101,510,38,Blue-51
Adams,101,511,38,Blue-51
Adams,101,512,99,Blue-51
Adams,101,513,99,Blue-51
Adams,101,514,100,Blue-52
Adams,101,515,100,Blue-52
Adams,101,516,100,Blue-52
Adams,101,517,99,Blue-52
Adams,101,518,99,Blue-52
Adams,101,519,100,Blue-52
Adams,101,520,98,Blue-52
Adams,101,521,97,Blue-52
Adams,101,522,97,Blue-52
Adams,101,523,98,Blue-52
Adams,101,524,100,Blue-53
Adams,101,525,100,Blue-53
Adams,101,526,100,Blue-53
Adams,101,527,100,Blue-53
Adams,101,528,100,Blue-53
Adams,101,529,100,Blue-53
Adams,101,530,100,Blue-53
Adams,101,531,50,Blue-53
Adams,101,532,24,Blue-54
Adams,101,533,100,Blue-54
Adams,101,534,100,Blue-54
Adams,101,535,100,Blue-54
Adams,101,536,100,Blue-54
Adams,101,537,100,Blue-54
Adams,101,538,100,Blue-54
Adams,101,539,100,Blue-54
Adams,101,540,100,Blue-54
Adams,101,541,99,Blue-55
Adams,101,542,99,Blue-55
Adams,101,543,67,Blue-55
Adams,101,544,67,Blue-55
Adams,101,545,97,Blue-55
Adams,101,546,97,Blue-55
Adams,102,1,91,Purple-1
Adams,102,2,99,Purple-1
Adams,102,3,98,Purple-1
Adams,102,4,99,Purple-1
Adams,102,5,101,Purple-1
Adams,102,6,99,Purple-1
Adams,102,7,101,Purple-1
Adams,102,8,99,Purple-1
Adams,102,9,99,Purple-1
Adams,102,10,100,Purple-1
Adams,102,11,101,Purple-2
Adams,102,12,99,Purple-2
Adams,102,13,99,Purple-2
Adams,102,14,100,Purple-2
Adams,102,15,99,Purple-2
Adams,102,16,99,Purple-2
Adams,102,17,99,Purple-2
Adams,102,18,100,Purple-2
Adams,102,19,99,Purple-2
Adams,102,20,99,Purple-3
Adams,102,21,100,Purple-3
Adams,102,22,100,Purple-3
Adams,102,23,100,Purple-3
Adams,102,24,100,Purple-3
Adams,102,25,100,Purple-3
Adams,102,26,100,Purple-3
Adams,102,27,100,Purple-3
Adams,102,28,99,Purple-4
Adams,102,29,97,Purple-4
Adams,102,30,98,Purple-4
Adams,102,31,100,Purple-4
Adams,102,32,100,Purple-4
Adams,102,33,99,Purple-4
Adams,102,34,100,Purple-4
Adams,102,35,100,Purple-4
Adams,102,36,100,Purple-4
Adams,102,37,100,Purple-5
Adams,102,38,100,Purple-5
Adams,102,39,100,Purple-5
Adams,102,40,100,Purple-5
Adams,102,41,100,Purple-5
Adams,102,42,100,Purple-5
Adams,102,43,99,Purple-5
Adams,102,44,99,Purple-5
Adams,102,45,100,Purple-6
Adams,102,46,100,Purple-6
Adams,102,47,100,Purple-6
Adams,102,48,100,Purple-6
Adams,102,49,100,Purple-6
Adams,102,50,100,Purple-6
Adams,102,51,100,Purple-6
Adams,102,52,100,Purple-6
Adams,102,53,99,Purple-7
Adams,102,54,100,Purple-7
Adams,102,55,100,Purple-7
Adams,102,56,100,Purple-7
Adams,102,57,100,Purple-7
Adams,102,58,100,Purple-7
Adams,102,59,100,Purple-7
Adams,102,60,100,Purple-7
Adams,102,61,100,Purple-8
Adams,102,62,100,Purple-8
Adams,102,63,100,Purple-8
Adams,102,64,99,Purple-8
Adams,102,65,99,Purple-8
Adams,102,66,99,Purple-8
Adams,102,67,99,Purple-8
Adams,102,68,99,Purple-8
Adams,102,69,100,Purple-9
Adams,102,70,100,Purple-9
Adams,102,71,100,Purple-9
Adams,102,72,100,Purple-9
Adams,102,73,99,Purple-9
Adams,102,74,100,Purple-9
Adams,102,75,100,Purple-9
Adams,102,76,100,Purple-9
Adams,102,77,100,Purple-10
Adams,102,78,100,Purple-10
Adams,102,79,100,Purple-10
Adams,102,80,100,Purple-10
Adams,102,81,100,Purple-10
Adams,102,82,100,Purple-10
Adams,102,83,100,Purple-10
Adams,102,84,100,Purple-10
Adams,102,85,99,Purple-10
Adams,102,86,100,Purple-11
Adams,102,87,99,Purple-11
Adams,102,88,99,Purple-11
Adams,102,89,100,Purple-11
Adams,102,90,100,Purple-11
Adams,102,91,97,Purple-11
Adams,102,92,99,Purple-11
Adams,102,93,97,Purple-11
Adams,102,94,98,Purple-11
Adams,102,95,100,Purple-12
Adams,102,96,100,Purple-12
Adams,102,97,100,Purple-12
Adams,102,98,100,Purple-12
Adams,102,99,100,Purple-12
Adams,102,100,100,Purple-12
Adams,102,101,100,Purple-12
Adams,102,102,100,Purple-12
Adams,102,103,99,Purple-12
Adams,102,104,100,Purple-13
Adams,102,106,100,Purple-13
Adams,102,107,97,Purple-13
Adams,102,108,100,Purple-13
Adams,102,109,100,Purple-13
Adams,102,110,100,Purple-13
Adams,102,111,100,Purple-13
Adams,102,112,100,Purple-13
Adams,102,113,100,Purple-14
Adams,102,114,100,Purple-14
Adams,102,115,99,Purple-14
Adams,102,116,100,Purple-14
Adams,102,117,99,Purple-14
Adams,102,118,99,Purple-14
Adams,102,119,99,Purple-14
Adams,102,120,100,Purple-14
Adams,102,121,100,Purple-15
Adams,102,122,100,Purple-15
Adams,102,123,99,Purple-15
Adams,102,124,98,Purple-15
Adams,102,125,99,Purple-15
Adams,102,126,100,Purple-15
Adams,102,127,97,Purple-15
Adams,102,128,99,Purple-15
Adams,102,129,100,Purple-15
Adams,102,130,100,Purple-16
Adams,102,131,100,Purple-16
Adams,102,132,100,Purple-16
Adams,102,133,98,Purple-16
Adams,102,134,100,Purple-16
Adams,102,135,99,Purple-16
Adams,102,136,100,Purple-16
Adams,102,137,99,Purple-16
Adams,102,138,100,Purple-16
Adams,102,139,97,Purple-17
Adams,102,140,100,Purple-17
Adams,102,141,100,Purple-17
Adams,102,142,100,Purple-17
Adams,102,143,100,Purple-17
Adams,102,144,100,Purple-17
Adams,102,145,99,Purple-17
Adams,102,146,100,Purple-17
Adams,102,147,98,Purple-17
Adams,102,148,98,Purple-18
Adams,102,149,100,Purple-18
Adams,102,150,100,Purple-18
Adams,102,151,100,Purple-18
Adams,102,152,100,Purple-18
Adams,102,153,100,Purple-18
Adams,102,154,99,Purple-18
Adams,102,155,99,Purple-18
Adams,102,156,99,Purple-18
Adams,102,157,100,Purple-19
Adams,102,158,100,Purple-19
Adams,102,159,99,Purple-19
Adams,102,160,98,Purple-19
Adams,102,161,100,Purple-19
Adams,102,162,100,Purple-19
Adams,102,163,100,Purple-19
Adams,102,164,99,Purple-19
Adams,102,165,99,Purple-20
Adams,102,166,100,Purple-20
Adams,102,167,100,Purple-20
Adams,102,168,100,Purple-20
Adams,102,169,96,Purple-20
Adams,102,170,99,Purple-20
Adams,102,171,100,Purple-20
Adams,102,172,100,Purple-20
Adams,102,173,100,Purple-20
Adams,102,174,100,Purple-21
Adams,102,175,99,Purple-21
Adams,102,176,100,Purple-21
Adams,102,177,99,Purple-21
Adams,102,178,99,Purple-21
Adams,102,179,100,Purple-21
Adams,102,180,100,Purple-21
Adams,102,181,98,Purple-21
Adams,102,182,100,Purple-21
Adams,102,183,102,Purple-22
Adams,102,184,100,Purple-22
Adams,102,185,100,Purple-22
Adams,102,186,100,Purple-22
Adams,102,187,100,Purple-22
Adams,102,188,100,Purple-22
Adams,102,189,99,Purple-22
Adams,102,190,100,Purple-22
Adams,102,191,99,Purple-23
Adams,102,192,99,Purple-23
Adams,102,193,100,Purple-23
Adams,102,194,100,Purple-23
Adams,102,195,100,Purple-23
Adams,102,196,100,Purple-23
Adams,102,197,98,Purple-23
Adams,102,198,100,Purple-23
Adams,102,199,100,Purple-23
Adams,102,200,100,Purple-23
Adams,102,201,100,Purple-24
Adams,102,202,100,Purple-24
Adams,102,203,99,Purple-24
Adams,102,204,98,Purple-24
Adams,102,205,100,Purple-24
Adams,102,206,100,Purple-24
Adams,102,207,100,Purple-24
Adams,102,208,100,Purple-24
Adams,102,209,99,Purple-24
Adams,102,210,100,Purple-24
Adams,102,211,96,Purple-25
Adams,102,212,99,Purple-25
Adams,102,213,98,Purple-25
Adams,102,214,100,Purple-25
Adams,102,215,100,Purple-25
Adams,102,216,100,Purple-25
Adams,102,217,99,Purple-25
Adams,102,218,100,Purple-25
Adams,102,219,100,Purple-25
Adams,102,220,100,Purple-25
Adams,102,221,100,Purple-26
Adams,102,222,100,Purple-26
Adams,102,223,100,Purple-26
Adams,102,224,100,Purple-26
Adams,102,225,99,Purple-26
Adams,102,226,99,Purple-26
Adams,102,227,48,Purple-26
Adams,102,228,48,Purple-26
Adams,102,229,79,Purple-26
Adams,102,230,80,Purple-26
Adams,102,231,99,Purple-27
Adams,102,232,100,Purple-27
Adams,102,233,100,Purple-27
Adams,102,234,100,Purple-27
Adams,102,235,100,Purple-27
Adams,102,236,100,Purple-27
Adams,102,237,100,Purple-27
Adams,102,238,100,Purple-27
Adams,102,239,100,Purple-27
Adams,102,240,100,Purple-27
Adams,102,241,99,Purple-28
Adams,102,242,100,Purple-28
Adams,102,243,100,Purple-28
Adams,102,244,100,Purple-28
Adams,102,245,100,Purple-28
Adams,102,246,100,Purple-28
Adams,102,247,100,Purple-28
Adams,102,248,100,Purple-28
Adams,102,249,100,Purple-28
Adams,102,250,100,Purple-28
Adams,102,251,100,Purple-29
Adams,102,252,100,Purple-29
Adams,102,253,99,Purple-29
Adams,102,254,99,Purple-29
Adams,102,255,99,Purple-29
Adams,102,256,100,Purple-29
Adams,102,257,99,Purple-29
Adams,102,258,100,Purple-29
Adams,102,259,100,Purple-29
Adams,102,260,100,Purple-29
Adams,102,261,28,Purple-30
Adams,102,262,28,Purple-30
Adams,102,263,44,Purple-30
Adams,102,264,44,Purple-30
Adams,102,265,72,Purple-30
Adams,102,266,72,Purple-30
Adams,102,267,68,Purple-30
Adams,102,268,68,Purple-30
Adams,102,269,100,Purple-30
Adams,102,270,100,Purple-30
Adams,102,271,100,Purple-30
Adams,102,272,100,Purple-30
Adams,102,273,98,Purple-31
Adams,102,274,99,Purple-31
Adams,102,275,100,Purple-31
Adams,102,276,100,Purple-31
Adams,102,277,98,Purple-31
Adams,102,278,98,Purple-31
Adams,102,279,100,Purple-31
Adams,102,280,100,Purple-31
Adams,102,281,99,Purple-31
Adams,102,282,99,Purple-31
Adams,102,283,9,Purple-31
Adams,102,284,9,Purple-31
Adams,102,285,100,Purple-32
Adams,102,286,100,Purple-32
Adams,102,287,20,Purple-32
Adams,102,288,20,Purple-32
Adams,102,289,99,Purple-32
Adams,102,290,99,Purple-32
Adams,102,291,99,Purple-32
Adams,102,292,99,Purple-32
Adams,102,293,100,Purple-32
Adams,102,294,100,Purple-32
Adams,102,295,53,Purple-32
Adams,102,296,53,Purple-32
Adams,102,297,100,Purple-33
Adams,102,298,100,Purple-33
Adams,102,299,100,Purple-33
Adams,102,300,100,Purple-33
Adams,102,301,100,Purple-33
Adams,102,302,100,Purple-33
Adams,102,303,99,Purple-33
Adams,102,304,100,Purple-33
Adams,102,305,100,Purple-33
Adams,102,306,100,Purple-33
Adams,102,307,100,Purple-34
Adams,102,308,100,Purple-34
Adams,102,309,100,Purple-34
Adams,102,310,100,Purple-34
Adams,102,311,100,Purple-34
Adams,102,312,100,Purple-34
Adams,102,313,50,Purple-34
Adams,102,314,50,Purple-34
Adams,102,315,58,Purple-34
Adams,102,316,58,Purple-34
Adams,102,317,100,Purple-34
Adams,102,318,100,Purple-34
Adams,102,319,100,Purple-35
Adams,102,320,100,Purple-35
Adams,102,321,100,Purple-35
Adams,102,322,100,Purple-35
Adams,102,323,100,Purple-35
Adams,102,324,100,Purple-35
Adams,102,325,43,Purple-35
Adams,102,326,43,Purple-35
Adams,102,327,100,Purple-35
Adams,102,328,100,Purple-35
Adams,102,329,99,Purple-35
Adams,102,330,98,Purple-35
Adams,102,331,100,Purple-36
Adams,102,332,100,Purple-36
Adams,102,333,100,Purple-36
Adams,102,334,102,Purple-36
Adams,102,335,100,Purple-36
Adams,102,336,100,Purple-36
Adams,102,337,100,Purple-36
Adams,102,338,100,Purple-36
Adams,102,339,99,Purple-36
Adams,102,340,100,Purple-36
Adams,102,341,49,Purple-36
Adams,102,342,49,Purple-36
Adams,102,343,100,Purple-37
Adams,102,344,100,Purple-37
Adams,102,345,99,Purple-37
Adams,102,346,100,Purple-37
Adams,102,347,99,Purple-37
Adams,102,348,99,Purple-37
Adams,102,349,76,Purple-37
Adams,102,350,76,Purple-37
Adams,102,351,98,Purple-37
Adams,102,352,100,Purple-37
Adams,102,353,100,Purple-38
Adams,102,354,100,Purple-38
Adams,102,355,100,Purple-38
Adams,102,356,100,Purple-38
Adams,102,357,98,Purple-38
Adams,102,358,100,Purple-38
Adams,102,359,100,Purple-38
Adams,102,360,100,Purple-38
Adams,102,361,40,Purple-38
Adams,102,362,40,Purple-38
Adams,102,363,100,Purple-38
Adams,102,364,100,Purple-38
Adams,102,365,5,Purple-38
Adams,102,366,5,Purple-38
Adams,102,367,100,Purple-39
Adams,102,368,100,Purple-39
Adams,102,369,100,Purple-39
Adams,102,370,100,Purple-39
Adams,102,371,100,Purple-39
Adams,102,372,100,Purple-39
Adams,102,373,100,Purple-39
Adams,102,374,100,Purple-39
Adams,102,375,100,Purple-39
Adams,102,376,100,Purple-39
Adams,102,377,100,Purple-40
Adams,102,378,100,Purple-40
Adams,102,379,17,Purple-40
Adams,102,380,17,Purple-40
Adams,102,381,100,Purple-40
Adams,102,382,100,Purple-40
Adams,102,383,99,Purple-40
Adams,102,384,100,Purple-40
Adams,102,385,98,Purple-40
Adams,102,386,99,Purple-40
Adams,102,387,100,Purple-40
Adams,102,388,100,Purple-40
Adams,102,389,100,Purple-41
Adams,102,390,100,Purple-41
Adams,102,391,56,Purple-41
Adams,102,392,56,Purple-41
Adams,102,393,100,Purple-41
Adams,102,394,100,Purple-41
Adams,102,395,99,Purple-41
Adams,102,396,100,Purple-41
Adams,102,397,100,Purple-41
Adams,102,398,100,Purple-41
Adams,102,399,100,Purple-42
Adams,102,400,100,Purple-42
Adams,102,401,100,Purple-42
Adams,102,402,100,Purple-42
Adams,102,403,100,Purple-42
Adams,102,404,100,Purple-42
Adams,102,405,92,Purple-42
Adams,102,406,92,Purple-42
Adams,102,407,100,Purple-42
Adams,102,408,100,Purple-42
Adams,102,409,100,Purple-43
Adams,102,410,100,Purple-43
Adams,102,411,100,Purple-43
Adams,102,412,100,Purple-43
Adams,102,413,99,Purple-43
Adams,102,414,99,Purple-43
Adams,102,415,99,Purple-43
Adams,102,416,100,Purple-43
Adams,102,417,100,Purple-43
Adams,102,418,100,Purple-43
Adams,102,419,42,Purple-43
Adams,102,420,42,Purple-43
Adams,102,421,100,Purple-44
Adams,102,422,100,Purple-44
Adams,102,423,100,Purple-44
Adams,102,424,100,Purple-44
Adams,102,425,100,Purple-44
Adams,102,426,99,Purple-44
Adams,102,427,100,Purple-44
Adams,102,428,100,Purple-44
Adams,102,429,100,Purple-44
Adams,102,430,100,Purple-44
Adams,102,431,98,Purple-45
Adams,102,432,97,Purple-45
Adams,102,433,100,Purple-45
Adams,102,434,100,Purple-45
Adams,102,435,100,Purple-45
Adams,102,436,100,Purple-45
Adams,102,437,100,Purple-45
Adams,102,438,100,Purple-45
Adams,102,439,100,Purple-45
Adams,102,440,100,Purple-45
Adams,102,441,100,Purple-46
Adams,102,442,100,Purple-46
Adams,102,443,100,Purple-46
Adams,102,444,100,Purple-46
Adams,102,445,99,Purple-46
Adams,102,446,98,Purple-46
Adams,102,447,100,Purple-46
Adams,102,448,100,Purple-46
Adams,102,449,100,Purple-46
Adams,102,450,100,Purple-46
Adams,102,451,99,Purple-47
Adams,102,452,99,Purple-47
Adams,102,453,76,Purple-47
Adams,102,454,58,Purple-47
Adams,102,455,58,Purple-47
Adams,102,456,100,Purple-47
Adams,102,457,100,Purple-47
Adams,102,458,98,Purple-47
Adams,102,459,100,Purple-47
Adams,102,460,100,Purple-47
Adams,102,461,100,Purple-47
Adams,102,462,94,Purple-48
Adams,102,463,97,Purple-48
Adams,102,464,100,Purple-48
Adams,102,465,100,Purple-48
Adams,102,466,100,Purple-48
Adams,102,467,100,Purple-48
Adams,102,468,99,Purple-48
Adams,102,469,99,Purple-48
Adams,102,470,46,Purple-48
Adams,102,471,47,Purple-48
Adams,102,472,100,Purple-49
Adams,102,473,100,Purple-49
Adams,102,474,100,Purple-49
Adams,102,475,100,Purple-49
Adams,102,476,100,Purple-49
Adams,102,477,100,Purple-49
Adams,102,478,100,Purple-49
Adams,102,479,100,Purple-49
Adams,102,480,100,Purple-49
Adams,102,481,99,Purple-49
Adams,102,482,100,Purple-50
Adams,102,483,100,Purple-50
Adams,102,484,100,Purple-50
Adams,102,485,100,Purple-50
Adams,102,486,100,Purple-50
Adams,102,487,100,Purple-50
Adams,102,488,100,Purple-50
Adams,102,489,84,Purple-50
Adams,102,490,84,Purple-50
Adams,102,491,100,Purple-51
Adams,102,492,99,Purple-51
Adams,102,493,100,Purple-51
Adams,102,494,100,Purple-51
Adams,102,495,98,Purple-51
Adams,102,496,100,Purple-51
Adams,102,497,100,Purple-51
Adams,102,498,100,Purple-51
Adams,102,499,99,Purple-51
Adams,102,500,100,Purple-51
Adams,102,501,99,Purple-52
Adams,102,502,100,Purple-52
Adams,102,503,101,Purple-52
Adams,102,504,99,Purple-52
Adams,102,505,100,Purple-52
Adams,102,506,99,Purple-52
Adams,102,507,100,Purple-52
Adams,102,508,100,Purple-52
Adams,102,509,94,Purple-53
Adams,102,510,95,Purple-53
Adams,102,511,100,Purple-53
Adams,102,512,100,Purple-53
Adams,102,513,99,Purple-53
Adams,102,514,99,Purple-53
Adams,102,515,99,Purple-53
Adams,102,516,99,Purple-53
Adams,102,517,99,Purple-53
Adams,102,518,99,Purple-53
Adams,102,519,99,Purple-53
Adams,102,520,100,Purple-53
Adams,102,521,100,Purple-54
Adams,102,522,100,Purple-54
Adams,102,523,100,Purple-54
Adams,102,524,100,Purple-54
Adams,102,525,100,Purple-54
Adams,102,526,100,Purple-54
Adams,102,527,100,Purple-54
Adams,102,528,100,Purple-54
Adams,102,529,100,Purple-54
Adams,102,530,100,Purple-54
Adams,102,531,100,Purple-54
Adams,102,532,95,Purple-54
Adams,102,533,97,Purple-54
Adams,102,534,100,Purple-54
Adams,102,535,100,Purple-54
Adams,102,536,100,Purple-54
Adams,102,537,100,Purple-55
Adams,102,538,100,Purple-55
Adams,102,539,94,Purple-55
Adams,102,540,98,Purple-55
Adams,102,541,100,Purple-55
Adams,102,542,100,Purple-55
Adams,102,543,100,Purple-56
Adams,102,544,100,Purple-56
Adams,102,545,100,Purple-56
Adams,102,546,100,Purple-56
Adams,102,547,61,Purple-56
Adams,102,548,87,Purple-56
Adams,102,549,100,Purple-56
Adams,102,550,102,Purple-56
Adams,102,551,87,Purple-56
Adams,102,552,87,Purple-56
Adams,102,553,100,Purple-56
Adams,103,1,74,Orange-1
Adams,103,2,74,Orange-1
Adams,103,3,100,Orange-1
Adams,103,4,100,Orange-1
Adams,103,5,100,Orange-1
Adams,103,6,100,Orange-1
Adams,103,7,100,Orange-1
Adams,103,8,100,Orange-1
Adams,103,9,100,Orange-1
Adams,103,10,100,Orange-1
Adams,103,11,99,Orange-2
Adams,103,12,100,Orange-2
Adams,103,13,100,Orange-2
Adams,103,14,100,Orange-2
Adams,103,15,99,Orange-2
Adams,103,16,100,Orange-2
Adams,103,17,101,Orange-2
Adams,103,18,101,Orange-2
Adams,103,19,98,Orange-2
Adams,103,20,97,Orange-2
Adams,103,21,100,Orange-3
Adams,103,22,100,Orange-3
Adams,103,23,100,Orange-3
Adams,103,24,100,Orange-3
Adams,103,25,99,Orange-3
Adams,103,26,100,Orange-3
Adams,103,27,100,Orange-3
Adams,103,28,100,Orange-3
Adams,103,29,100,Orange-3
Adams,103,30,100,Orange-3
Adams,103,31,100,Orange-4
Adams,103,32,100,Orange-4
Adams,103,33,100,Orange-4
Adams,103,34,100,Orange-4
Adams,103,35,100,Orange-4
Adams,103,36,100,Orange-4
Adams,103,37,100,Orange-4
Adams,103,38,100,Orange-4
Adams,103,39,100,Orange-4
Adams,103,40,100,Orange-4
Adams,103,41,100,Orange-5
Adams,103,42,100,Orange-5
Adams,103,43,100,Orange-5
Adams,103,44,100,Orange-5
Adams,103,45,99,Orange-5
Adams,103,46,100,Orange-5
Adams,103,47,100,Orange-5
Adams,103,48,100,Orange-5
Adams,103,49,100,Orange-5
Adams,103,50,100,Orange-5
Adams,103,51,99,Orange-6
Adams,103,52,100,Orange-6
Adams,103,53,51,Orange-6
Adams,103,54,51,Orange-6
Adams,103,55,100,Orange-6
Adams,103,56,100,Orange-6
Adams,103,57,101,Orange-6
Adams,103,58,101,Orange-6
Adams,103,59,100,Orange-6
Adams,103,60,100,Orange-6
Adams,103,61,100,Orange-7
Adams,103,62,100,Orange-7
Adams,103,63,100,Orange-7
Adams,103,64,100,Orange-7
Adams,103,65,100,Orange-7
Adams,103,66,100,Orange-7
Adams,103,67,100,Orange-7
Adams,103,68,98,Orange-7
Adams,103,69,100,Orange-7
Adams,103,70,100,Orange-7
Adams,103,71,100,Orange-8
Adams,103,72,100,Orange-8
Adams,103,73,100,Orange-8
Adams,103,74,100,Orange-8
Adams,103,75,100,Orange-8
Adams,103,76,100,Orange-8
Adams,103,77,100,Orange-8
Adams,103,78,100,Orange-8
Adams,103,79,100,Orange-8
Adams,103,80,100,Orange-8
Adams,103,81,100,Orange-9
Adams,103,82,100,Orange-9
Adams,103,83,100,Orange-9
Adams,103,84,100,Orange-9
Adams,103,85,100,Orange-9
Adams,103,86,100,Orange-9
Adams,103,87,99,Orange-9
Adams,103,88,100,Orange-9
Adams,103,89,100,Orange-9
Adams,103,90,99,Orange-9
Adams,103,91,100,Orange-10
Adams,103,92,100,Orange-10
Adams,103,93,100,Orange-10
Adams,103,94,100,Orange-10
Adams,103,95,100,Orange-10
Adams,103,96,100,Orange-10
Adams,103,97,100,Orange-10
Adams,103,98,100,Orange-10
Adams,103,99,59,Orange-10
Adams,103,100,59,Orange-10
Adams,103,101,100,Orange-11
Adams,103,102,100,Orange-11
Adams,103,103,99,Orange-11
Adams,103,104,100,Orange-11
Adams,103,105,99,Orange-11
Adams,103,106,100,Orange-11
Adams,103,107,100,Orange-11
Adams,103,108,100,Orange-11
Adams,103,109,99,Orange-11
Adams,103,110,100,Orange-11
Adams,103,111,100,Orange-12
Adams,103,112,100,Orange-12
Adams,103,113,100,Orange-12
Adams,103,114,100,Orange-12
Adams,103,115,100,Orange-12
Adams,103,116,100,Orange-12
Adams,103,117,100,Orange-12
Adams,103,118,100,Orange-12
Adams,103,119,99,Orange-12
Adams,103,120,99,Orange-12
Adams,103,121,100,Orange-13
Adams,103,122,100,Orange-13
Adams,103,123,100,Orange-13
Adams,103,124,100,Orange-13
Adams,103,125,52,Orange-13
Adams,103,126,52,Orange-13
Adams,103,127,100,Orange-13
Adams,103,128,100,Orange-13
Adams,103,129,100,Orange-13
Adams,103,130,100,Orange-13
Adams,103,131,100,Orange-14
Adams,103,132,100,Orange-14
Adams,103,133,99,Orange-14
Adams,103,134,100,Orange-14
Adams,103,135,100,Orange-14
Adams,103,136,100,Orange-14
Adams,103,137,99,Orange-14
Adams,103,138,100,Orange-14
Adams,103,139,99,Orange-14
Adams,103,140,100,Orange-14
Adams,103,141,100,Orange-15
Adams,103,142,100,Orange-15
Adams,103,143,99,Orange-15
Adams,103,144,100,Orange-15
Adams,103,145,100,Orange-15
Adams,103,146,100,Orange-15
Adams,103,147,100,Orange-15
Adams,103,148,100,Orange-15
Adams,103,149,100,Orange-15
Adams,103,150,100,Orange-15
Adams,103,151,100,Orange-16
Adams,103,152,100,Orange-16
Adams,103,153,100,Orange-16
Adams,103,154,100,Orange-16
Adams,103,155,99,Orange-16
Adams,103,156,99,Orange-16
Adams,103,157,100,Orange-16
Adams,103,158,100,Orange-16
Adams,103,159,99,Orange-16
Adams,103,160,100,Orange-16
Adams,103,161,100,Orange-17
Adams,103,162,100,Orange-17
Adams,103,163,99,Orange-17
Adams,103,164,100,Orange-17
Adams,103,165,100,Orange-17
Adams,103,166,100,Orange-17
Adams,103,167,100,Orange-17
Adams,103,168,100,Orange-17
Adams,103,169,99,Orange-17
Adams,103,170,100,Orange-17
Adams,103,171,99,Orange-18
Adams,103,172,100,Orange-18
Adams,103,173,100,Orange-18
Adams,103,174,100,Orange-18
Adams,103,175,100,Orange-18
Adams,103,176,99,Orange-18
Adams,103,177,100,Orange-18
Adams,103,178,100,Orange-18
Adams,103,179,100,Orange-18
Adams,103,180,100,Orange-18
Adams,103,181,100,Orange-19
Adams,103,182,99,Orange-19
Adams,103,183,99,Orange-19
Adams,103,184,100,Orange-19
Adams,103,185,100,Orange-19
Adams,103,186,100,Orange-19
Adams,103,187,98,Orange-19
Adams,103,188,100,Orange-19
Adams,103,189,99,Orange-19
Adams,103,190,100,Orange-19
Adams,103,191,100,Orange-20
Adams,103,192,100,Orange-20
Adams,103,193,100,Orange-20
Adams,103,194,100,Orange-20
Adams,103,195,101,Orange-20
Adams,103,196,99,Orange-20
Adams,103,197,98,Orange-20
Adams,103,198,100,Orange-20
Adams,103,199,99,Orange-20
Adams,103,200,100,Orange-20
Adams,103,201,100,Orange-21
Adams,103,202,100,Orange-21
Adams,103,203,100,Orange-21
Adams,103,204,100,Orange-21
Adams,103,205,100,Orange-21
Adams,103,206,100,Orange-21
Adams,103,207,100,Orange-21
Adams,103,208,100,Orange-21
Adams,103,209,99,Orange-21
Adams,103,210,100,Orange-21
Adams,103,211,100,Orange-22
Adams,103,212,100,Orange-22
Adams,103,213,100,Orange-22
Adams,103,214,100,Orange-22
Adams,103,215,100,Orange-22
Adams,103,216,100,Orange-22
Adams,103,217,100,Orange-22
Adams,103,218,100,Orange-22
Adams,103,219,59,Orange-22
Adams,103,220,60,Orange-22
Adams,103,221,100,Orange-23
Adams,103,222,100,Orange-23
Adams,103,223,98,Orange-23
Adams,103,224,100,Orange-23
Adams,103,225,100,Orange-23
Adams,103,226,100,Orange-23
Adams,103,227,97,Orange-23
Adams,103,228,96,Orange-23
Adams,103,229,99,Orange-23
Adams,103,230,99,Orange-23
Adams,103,231,98,Orange-24
Adams,103,232,101,Orange-24
Adams,103,233,99,Orange-24
Adams,103,234,100,Orange-24
Adams,103,235,99,Orange-24
Adams,103,236,100,Orange-24
Adams,103,237,98,Orange-24
Adams,103,238,99,Orange-24
Adams,103,239,32,Orange-24
Adams,103,240,32,Orange-24
Adams,103,241,97,Orange-25
Adams,103,242,98,Orange-25
Adams,103,243,81,Orange-25
Adams,103,244,81,Orange-25
Adams,103,245,100,Orange-25
Adams,103,246,100,Orange-25
Adams,103,247,100,Orange-25
Adams,103,248,100,Orange-25
Adams,103,249,99,Orange-25
Adams,103,250,100,Orange-25
Adams,103,251,100,Orange-26
Adams,103,252,99,Orange-26
Adams,103,253,100,Orange-26
Adams,103,254,100,Orange-26
Adams,103,255,100,Orange-26
Adams,103,256,100,Orange-26
Adams,103,257,99,Orange-26
Adams,103,258,100,Orange-26
Adams,103,259,15,Orange-26
Adams,103,260,15,Orange-26
Adams,103,261,100,Orange-27
Adams,103,262,100,Orange-27
Adams,103,263,100,Orange-27
Adams,103,264,99,Orange-27
Adams,103,265,100,Orange-27
Adams,103,266,100,Orange-27
Adams,103,267,100,Orange-27
Adams,103,268,100,Orange-27
Adams,103,269,100,Orange-27
Adams,103,270,100,Orange-27
Adams,103,271,38,Orange-28
Adams,103,272,38,Orange-28
Adams,103,273,100,Orange-28
Adams,103,274,100,Orange-28
Adams,103,275,99,Orange-28
Adams,103,276,100,Orange-28
Adams,103,277,98,Orange-28
Adams,103,278,100,Orange-28
Adams,103,279,99,Orange-28
Adams,103,280,100,Orange-28
Adams,103,281,100,Orange-29
Adams,103,282,100,Orange-29
Adams,103,283,98,Orange-29
Adams,103,284,98,Orange-29
Adams,103,285,100,Orange-29
Adams,103,286,99,Orange-29
Adams,103,287,99,Orange-29
Adams,103,288,98,Orange-29
Adams,103,289,100,Orange-29
Adams,103,290,100,Orange-29
Adams,103,291,100,Orange-30
Adams,103,292,100,Orange-30
Adams,103,293,100,Orange-30
Adams,103,294,100,Orange-30
Adams,103,295,100,Orange-30
Adams,103,296,99,Orange-30
Adams,103,297,100,Orange-30
Adams,103,298,100,Orange-30
Adams,103,299,100,Orange-30
Adams,103,300,100,Orange-30
Adams,103,301,100,Orange-31
Adams,103,302,100,Orange-31
Adams,103,303,100,Orange-31
Adams,103,304,100,Orange-31
Adams,103,305,97,Orange-31
Adams,103,306,98,Orange-31
Adams,103,307,100,Orange-31
Adams,103,308,100,Orange-31
Adams,103,309,99,Orange-31
Adams,103,310,100,Orange-31
Adams,103,311,99,Orange-32
Adams,103,312,100,Orange-32
Adams,103,313,98,Orange-32
Adams,103,314,101,Orange-32
Adams,103,315,99,Orange-32
Adams,103,316,99,Orange-32
Adams,103,317,100,Orange-32
Adams,103,318,99,Orange-32
Adams,103,319,91,Orange-32
Adams,103,320,91,Orange-32
Adams,103,321,99,Orange-33
Adams,103,322,100,Orange-33
Adams,103,323,100,Orange-33
Adams,103,324,100,Orange-33
Adams,103,325,100,Orange-33
Adams,103,326,100,Orange-33
Adams,103,327,67,Orange-33
Adams,103,328,66,Orange-33
Adams,103,329,99,Orange-33
Adams,103,330,100,Orange-33
Adams,103,331,100,Orange-34
Adams,103,332,100,Orange-34
Adams,103,333,100,Orange-34
Adams,103,334,100,Orange-34
Adams,103,335,100,Orange-34
Adams,103,336,100,Orange-34
Adams,103,337,98,Orange-34
Adams,103,338,98,Orange-34
Adams,103,339,100,Orange-34
Adams,103,340,98,Orange-34
Adams,103,341,99,Orange-35
Adams,103,342,100,Orange-35
Adams,103,343,100,Orange-35
Adams,103,344,100,Orange-35
Adams,103,345,100,Orange-35
Adams,103,346,100,Orange-35
Adams,103,347,98,Orange-35
Adams,103,348,100,Orange-35
Adams,103,349,100,Orange-35
Adams,103,350,100,Orange-35
Adams,103,351,100,Orange-36
Adams,103,352,100,Orange-36
Adams,103,353,100,Orange-36
Adams,103,354,99,Orange-36
Adams,103,355,100,Orange-36
Adams,103,356,100,Orange-36
Adams,103,357,100,Orange-36
Adams,103,358,100,Orange-36
Adams,103,359,100,Orange-36
Adams,103,360,100,Orange-36
Adams,103,361,100,Orange-37
Adams,103,362,100,Orange-37
Adams,103,363,99,Orange-37
Adams,103,364,99,Orange-37
Adams,103,365,100,Orange-37
Adams,103,366,100,Orange-37
Adams,103,367,100,Orange-37
Adams,103,368,100,Orange-37
Adams,103,369,100,Orange-37
Adams,103,370,100,Orange-37
Adams,103,371,100,Orange-38
Adams,103,372,100,Orange-38
Adams,103,373,99,Orange-38
Adams,103,374,100,Orange-38
Adams,103,375,100,Orange-38
Adams,103,376,3,Orange-38
Adams,103,377,100,Orange-38
Adams,103,378,100,Orange-38
Adams,103,379,100,Orange-38
Adams,103,380,99,Orange-39
Adams,103,381,100,Orange-39
Adams,103,382,99,Orange-39
Adams,103,383,99,Orange-39
Adams,103,384,100,Orange-39
Adams,103,385,100,Orange-39
Adams,103,386,99,Orange-39
Adams,103,387,98,Orange-39
Adams,103,388,100,Orange-39
Adams,103,389,100,Orange-39
Adams,103,390,99,Orange-40
Adams,103,391,100,Orange-40
Adams,103,392,99,Orange-40
Adams,103,393,98,Orange-40
Adams,103,394,100,Orange-40
Adams,103,395,100,Orange-40
Adams,103,396,100,Orange-40
Adams,103,397,100,Orange-40
Adams,103,398,99,Orange-40
Adams,103,399,99,Orange-40
Adams,103,400,100,Orange-41
Adams,103,401,100,Orange-41
Adams,103,402,100,Orange-41
Adams,103,403,100,Orange-41
Adams,103,404,99,Orange-41
Adams,103,405,99,Orange-41
Adams,103,406,99,Orange-41
Adams,103,407,100,Orange-41
Adams,103,408,99,Orange-41
Adams,103,409,99,Orange-41
Adams,103,410,100,Orange-42
Adams,103,411,100,Orange-42
Adams,103,412,99,Orange-42
Adams,103,413,99,Orange-42
Adams,103,414,100,Orange-42
Adams,103,415,100,Orange-42
Adams,103,416,100,Orange-42
Adams,103,417,100,Orange-42
Adams,103,418,100,Orange-42
Adams,103,419,99,Orange-42
Adams,103,420,99,Orange-43
Adams,103,421,100,Orange-43
Adams,103,422,100,Orange-43
Adams,103,423,100,Orange-43
Adams,103,424,100,Orange-43
Adams,103,425,100,Orange-43
Adams,103,426,99,Orange-43
Adams,103,427,100,Orange-43
Adams,103,428,100,Orange-43
Adams,103,429,100,Orange-43
Adams,103,430,100,Orange-44
Adams,103,431,100,Orange-44
Adams,103,432,98,Orange-44
Adams,103,433,100,Orange-44
Adams,103,434,100,Orange-44
Adams,103,435,100,Orange-44
Adams,103,436,100,Orange-44
Adams,103,437,100,Orange-44
Adams,103,438,100,Orange-44
Adams,103,439,100,Orange-44
Adams,103,440,100,Orange-45
Adams,103,441,100,Orange-45
Adams,103,442,100,Orange-45
Adams,103,443,99,Orange-45
Adams,103,444,99,Orange-45
Adams,103,445,100,Orange-45
Adams,103,446,99,Orange-45
Adams,103,447,99,Orange-45
Adams,103,448,100,Orange-45
Adams,103,449,100,Orange-45
Adams,103,450,100,Orange-46
Adams,103,451,100,Orange-46
Adams,103,452,100,Orange-46
Adams,103,453,100,Orange-46
Adams,103,454,100,Orange-46
Adams,103,455,100,Orange-46
Adams,103,456,100,Orange-46
Adams,103,457,100,Orange-46
Adams,103,458,100,Orange-46
Adams,103,459,100,Orange-46
Adams,103,460,100,Orange-47
Adams,103,461,100,Orange-47
Adams,103,462,100,Orange-47
Adams,103,463,100,Orange-47
Adams,103,464,100,Orange-47
Adams,103,465,100,Orange-47
Adams,103,466,100,Orange-47
Adams,103,467,100,Orange-47
Adams,103,468,99,Orange-47
Adams,103,469,100,Orange-47
Adams,103,470,100,Orange-48
Adams,103,471,100,Orange-48
Adams,103,472,100,Orange-48
Adams,103,473,100,Orange-48
Adams,103,474,99,Orange-48
Adams,103,475,99,Orange-48
Adams,103,476,100,Orange-48
Adams,103,477,100,Orange-48
Adams,103,478,99,Orange-48
Adams,103,479,100,Orange-48
Adams,103,480,99,Orange-49
Adams,103,481,100,Orange-49
Adams,103,482,100,Orange-49
Adams,103,483,100,Orange-49
Adams,103,484,100,Orange-49
Adams,103,485,100,Orange-49
Adams,103,486,99,Orange-49
Adams,103,487,99,Orange-49
Adams,103,488,99,Orange-49
Adams,103,489,100,Orange-49
Adams,103,490,99,Orange-50
Adams,103,491,100,Orange-50
Adams,103,492,100,Orange-50
Adams,103,493,100,Orange-50
Adams,103,494,99,Orange-50
Adams,103,495,99,Orange-50
Adams,103,496,100,Orange-50
Adams,103,497,100,Orange-50
Adams,103,498,100,Orange-50
Adams,103,499,98,Orange-50
Adams,103,500,98,Orange-51
Adams,103,501,99,Orange-51
Adams,103,502,100,Orange-51
Adams,103,503,100,Orange-51
Adams,103,504,100,Orange-51
Adams,103,505,100,Orange-51
Adams,103,506,100,Orange-51
Adams,103,507,100,Orange-51
Adams,103,508,98,Orange-51
Adams,103,509,99,Orange-51
Adams,103,510,100,Orange-52
Adams,103,511,100,Orange-52
Adams,103,512,100,Orange-52
Adams,103,513,100,Orange-52
Adams,103,514,100,Orange-52
Adams,103,515,100,Orange-52
Adams,103,516,100,Orange-52
Adams,103,517,100,Orange-52
Adams,103,518,100,Orange-52
Adams,103,519,99,Orange-52
Adams,103,520,100,Orange-53
Adams,103,521,100,Orange-53
Adams,103,522,99,Orange-53
Adams,103,523,100,Orange-53
Adams,103,524,100,Orange-53
Adams,103,525,100,Orange-53
Adams,103,526,100,Orange-53
Adams,103,527,99,Orange-53
Adams,103,528,100,Orange-53
Adams,103,529,99,Orange-53
Adams,103,530,72,Orange-54
Adams,103,531,72,Orange-54
Adams,103,532,100,Orange-54
Adams,103,533,99,Orange-54
Adams,103,534,99,Orange-54
Adams,103,535,100,Orange-54
Adams,103,536,100,Orange-54
Adams,103,537,100,Orange-54
Adams,103,538,98,Orange-54
Adams,103,539,100,Orange-54
Adams,103,540,99,Orange-55
Adams,103,541,99,Orange-55
Adams,103,542,100,Orange-55
Adams,103,543,100,Orange-55
Adams,103,544,97,Orange-55
Adams,103,545,100,Orange-55
Adams,103,546,100,Orange-55
Adams,103,547,100,Orange-55
Adams,103,548,100,Orange-55
Adams,103,549,100,Orange-55
Adams,103,550,100,Orange-55
Adams,103,551,99,Orange-56
Adams,103,552,99,Orange-56
Adams,103,553,100,Orange-56
Adams,103,554,100,Orange-56
Adams,103,555,99,Orange-56
Adams,103,556,99,Orange-56
Adams,103,557,100,Orange-56
Adams,103,558,100,Orange-56
Adams,103,559,100,Orange-56
Adams,103,560,99,Orange-56
Adams,103,561,99,Orange-57
Adams,103,562,99,Orange-57
Adams,103,563,100,Orange-57
Adams,103,564,99,Orange-57
Adams,103,565,97,Orange-57
Adams,103,566,98,Orange-57
Adams,103,567,100,Orange-57
Adams,103,568,100,Orange-57
Adams,103,569,100,Orange-57
Adams,103,570,1,Orange-57
Adams,103,571,99,Orange-57
Adams,103,572,101,Orange-58
Adams,103,573,99,Orange-58
Adams,103,574,100,Orange-58
Adams,103,575,100,Orange-58
Adams,103,576,99,Orange-58
Adams,103,577,99,Orange-58
Adams,103,578,98,Orange-58
Adams,103,579,99,Orange-58
Adams,103,580,100,Orange-58
Adams,103,581,100,Orange-58
Adams,103,582,100,Orange-59
Adams,103,583,99,Orange-59
Adams,103,584,99,Orange-59
Adams,103,585,99,Orange-59
Adams,103,586,100,Orange-59
Adams,103,587,100,Orange-59
Adams,103,588,99,Orange-59
Adams,103,589,100,Orange-59
Adams,103,590,98,Orange-59
Adams,103,591,99,Orange-59
Adams,103,592,100,Orange-60
Adams,103,593,100,Orange-60
Adams,103,594,100,Orange-60
Adams,103,595,100,Orange-60
Adams,103,596,98,Orange-60
Adams,103,597,98,Orange-60
Adams,103,598,98,Orange-60
Adams,103,599,99,Orange-60
Adams,103,600,99,Orange-60
Adams,103,601,100,Orange-60
Adams,103,602,100,Orange-61
Adams,103,603,100,Orange-61
Adams,103,604,100,Orange-61
Adams,103,605,100,Orange-61
Adams,103,606,100,Orange-61
Adams,103,607,100,Orange-61
Adams,103,608,100,Orange-61
Adams,103,609,100,Orange-61
Adams,103,610,100,Orange-61
Adams,103,611,100,Orange-62
Adams,103,612,99,Orange-62
Adams,103,613,96,Orange-62
Adams,103,614,98,Orange-62
Adams,103,615,100,Orange-62
Adams,104,1,99,Green-1
Adams,104,2,100,Green-1
Adams,104,3,100,Green-1
Adams,104,4,100,Green-1
Adams,104,5,100,Green-1
Adams,104,6,100,Green-1
Adams,104,7,100,Green-1
Adams,104,8,100,Green-1
Adams,104,9,100,Green-1
Adams,104,10,100,Green-1
Adams,104,11,99,Green-1
Adams,104,12,100,Green-2
Adams,104,13,100,Green-2
Adams,104,14,98,Green-2
Adams,104,15,100,Green-2
Adams,104,16,100,Green-2
Adams,104,17,100,Green-2
Adams,104,18,100,Green-2
Adams,104,19,100,Green-2
Adams,104,20,100,Green-2
Adams,104,21,100,Green-2
Adams,104,22,99,Green-3
Adams,104,23,100,Green-3
Adams,104,24,100,Green-3
Adams,104,25,100,Green-3
Adams,104,26,99,Green-3
Adams,104,27,100,Green-3
Adams,104,28,100,Green-3
Adams,104,29,100,Green-3
Adams,104,30,97,Green-3
Adams,104,31,98,Green-3
Adams,104,32,98,Green-4
Adams,104,33,98,Green-4
Adams,104,34,100,Green-4
Adams,104,35,100,Green-4
Adams,104,36,100,Green-4
Adams,104,37,99,Green-4
Adams,104,38,100,Green-4
Adams,104,39,100,Green-4
Adams,104,40,98,Green-4
Adams,104,41,100,Green-4
Adams,104,42,100,Green-4
Adams,104,43,100,Green-5
Adams,104,44,99,Green-5
Adams,104,45,99,Green-5
Adams,104,46,99,Green-5
Adams,104,47,99,Green-5
Adams,104,48,100,Green-5
Adams,104,49,99,Green-5
Adams,104,50,98,Green-5
Adams,104,51,98,Green-5
Adams,104,52,100,Green-6
Adams,104,53,100,Green-6
Adams,104,54,100,Green-6
Adams,104,55,100,Green-6
Adams,104,56,99,Green-6
Adams,104,57,100,Green-6
Adams,104,58,100,Green-6
Adams,104,59,100,Green-6
Adams,104,60,100,Green-6
Adams,104,61,99,Green-6
Adams,104,62,100,Green-7
Adams,104,63,100,Green-7
Adams,104,64,100,Green-7
Adams,104,65,99,Green-7
Adams,104,66,100,Green-7
Adams,104,67,100,Green-7
Adams,104,68,100,Green-7
Adams,104,69,100,Green-7
Adams,104,70,100,Green-7
Adams,104,71,100,Green-7
Adams,104,72,100,Green-8
Adams,104,73,100,Green-8
Adams,104,74,100,Green-8
Adams,104,75,100,Green-8
Adams,104,76,99,Green-8
Adams,104,77,96,Green-8
Adams,104,78,97,Green-8
Adams,104,79,100,Green-8
Adams,104,80,100,Green-8
Adams,104,81,100,Green-8
Adams,104,82,100,Green-9
Adams,104,83,100,Green-9
Adams,104,84,98,Green-9
Adams,104,85,100,Green-9
Adams,104,86,99,Green-9
Adams,104,87,100,Green-9
Adams,104,88,100,Green-9
Adams,104,89,100,Green-9
Adams,104,90,100,Green-9
Adams,104,91,100,Green-9
Adams,104,92,98,Green-9
Adams,104,93,99,Green-10
Adams,104,94,99,Green-10
Adams,104,95,100,Green-10
Adams,104,96,99,Green-10
Adams,104,97,99,Green-10
Adams,104,98,100,Green-10
Adams,104,99,100,Green-10
Adams,104,100,99,Green-10
Adams,104,101,100,Green-10
Adams,104,102,98,Green-10
Adams,104,103,98,Green-10
Adams,104,104,100,Green-11
Adams,104,105,100,Green-11
Adams,104,106,100,Green-11
Adams,104,107,100,Green-11
Adams,104,108,99,Green-11
Adams,104,109,100,Green-11
Adams,104,110,99,Green-11
Adams,104,111,100,Green-11
Adams,104,112,100,Green-11
Adams,104,113,100,Green-11
Adams,104,114,100,Green-12
Adams,104,115,100,Green-12
Adams,104,116,100,Green-12
Adams,104,117,100,Green-12
Adams,104,118,99,Green-12
Adams,104,119,100,Green-12
Adams,104,120,65,Green-12
Adams,104,121,65,Green-12
Adams,104,122,99,Green-12
Adams,104,123,100,Green-12
Adams,104,124,98,Green-13
Adams,104,125,100,Green-13
Adams,104,126,100,Green-13
Adams,104,127,100,Green-13
Adams,104,128,31,Green-13
Adams,104,129,31,Green-13
Adams,104,130,99,Green-13
Adams,104,131,100,Green-13
Adams,104,132,100,Green-13
Adams,104,133,100,Green-13
Adams,104,134,100,Green-13
Adams,104,135,100,Green-13
Adams,104,136,64,Green-14
Adams,104,137,64,Green-14
Adams,104,138,100,Green-14
Adams,104,139,99,Green-14
Adams,104,140,100,Green-14
Adams,104,141,100,Green-14
Adams,104,142,99,Green-14
Adams,104,143,99,Green-14
Adams,104,144,100,Green-14
Adams,104,145,100,Green-14
Adams,104,146,100,Green-14
Adams,104,147,100,Green-14
Adams,104,148,100,Green-15
Adams,104,149,100,Green-15
Adams,104,150,100,Green-15
Adams,104,151,100,Green-15
Adams,104,152,100,Green-15
Adams,104,153,100,Green-15
Adams,104,154,100,Green-15
Adams,104,155,100,Green-15
Adams,104,156,99,Green-15
Adams,104,157,100,Green-15
Adams,104,158,100,Green-16
Adams,104,159,100,Green-16
Adams,104,160,100,Green-16
Adams,104,161,100,Green-16
Adams,104,162,98,Green-16
Adams,104,163,100,Green-16
Adams,104,164,100,Green-16
Adams,104,165,100,Green-16
Adams,104,166,101,Green-16
Adams,104,167,99,Green-16
Adams,104,168,100,Green-16
Adams,104,169,100,Green-17
Adams,104,170,98,Green-17
Adams,104,171,98,Green-17
Adams,104,172,99,Green-17
Adams,104,173,100,Green-17
Adams,104,174,99,Green-17
Adams,104,175,100,Green-17
Adams,104,176,97,Green-17
Adams,104,177,100,Green-17
Adams,104,178,100,Green-17
Adams,104,179,99,Green-17
Adams,104,180,100,Green-18
Adams,104,181,100,Green-18
Adams,104,182,100,Green-18
Adams,104,183,99,Green-18
Adams,104,184,100,Green-18
Adams,104,185,100,Green-18
Adams,104,186,70,Green-18
Adams,104,187,71,Green-18
Adams,104,188,98,Green-18
Adams,104,189,100,Green-18
Adams,104,190,99,Green-19
Adams,104,191,99,Green-19
Adams,104,192,99,Green-19
Adams,104,193,101,Green-19
Adams,104,194,100,Green-19
Adams,104,195,100,Green-19
Adams,104,196,100,Green-19
Adams,104,197,100,Green-19
Adams,104,198,100,Green-19
Adams,104,199,100,Green-19
Adams,104,200,100,Green-20
Adams,104,201,100,Green-20
Adams,104,202,100,Green-20
Adams,104,203,100,Green-20
Adams,104,204,100,Green-20
Adams,104,205,100,Green-20
Adams,104,206,100,Green-20
Adams,104,207,100,Green-20
Adams,104,208,100,Green-20
Adams,104,209,100,Green-20
Adams,104,210,100,Green-21
Adams,104,211,100,Green-21
Adams,104,212,100,Green-21
Adams,104,213,100,Green-21
Adams,104,214,79,Green-21
Adams,104,215,79,Green-21
Adams,104,216,100,Green-21
Adams,104,217,100,Green-21
Adams,104,218,100,Green-21
Adams,104,219,100,Green-21
Adams,104,220,99,Green-22
Adams,104,221,99,Green-22
Adams,104,222,100,Green-22
Adams,104,223,100,Green-22
Adams,104,224,99,Green-22
Adams,104,225,99,Green-22
Adams,104,226,100,Green-22
Adams,104,227,100,Green-22
Adams,104,228,101,Green-22
Adams,104,229,101,Green-22
Adams,104,230,100,Green-23
Adams,104,231,99,Green-23
Adams,104,232,77,Green-23
Adams,104,233,78,Green-23
Adams,104,234,99,Green-23
Adams,104,235,100,Green-23
Adams,104,236,99,Green-23
Adams,104,237,100,Green-23
Adams,104,238,100,Green-23
Adams,104,239,100,Green-23
Adams,104,240,100,Green-24
Adams,104,241,100,Green-24
Adams,104,242,100,Green-24
Adams,104,243,100,Green-24
Adams,104,244,100,Green-24
Adams,104,245,100,Green-24
Adams,104,246,100,Green-24
Adams,104,247,100,Green-24
Adams,104,248,97,Green-24
Adams,104,249,100,Green-24
Adams,104,250,99,Green-25
Adams,104,251,100,Green-25
Adams,104,252,100,Green-25
Adams,104,253,99,Green-25
Adams,104,254,99,Green-25
Adams,104,255,100,Green-25
Adams,104,256,98,Green-25
Adams,104,257,98,Green-25
Adams,104,258,100,Green-25
Adams,104,259,100,Green-25
Adams,104,260,77,Green-26
Adams,104,261,99,Green-26
Adams,104,262,99,Green-26
Adams,104,263,99,Green-26
Adams,104,264,99,Green-26
Adams,104,265,99,Green-26
Adams,104,266,99,Green-26
Adams,104,267,100,Green-26
Adams,104,268,100,Green-26
Adams,104,269,100,Green-26
Adams,104,270,100,Green-27
Adams,104,271,99,Green-27
Adams,104,272,100,Green-27
Adams,104,273,100,Green-27
Adams,104,274,100,Green-27
Adams,104,275,100,Green-27
Adams,104,276,100,Green-27
Adams,104,277,100,Green-27
Adams,104,278,100,Green-27
Adams,104,279,98,Green-27
Adams,104,280,99,Green-28
Adams,104,281,100,Green-28
Adams,104,282,100,Green-28
Adams,104,283,100,Green-28
Adams,104,284,100,Green-28
Adams,104,285,98,Green-28
Adams,104,286,101,Green-28
Adams,104,287,99,Green-28
Adams,104,288,99,Green-28
Adams,104,289,99,Green-28
Adams,104,290,100,Green-29
Adams,104,291,100,Green-29
Adams,104,292,100,Green-29
Adams,104,293,100,Green-29
Adams,104,294,100,Green-29
Adams,104,295,92,Green-29
Adams,104,296,92,Green-29
Adams,104,297,100,Green-29
Adams,104,298,100,Green-29
Adams,104,299,100,Green-29
Adams,104,300,100,Green-30
Adams,104,301,100,Green-30
Adams,104,302,100,Green-30
Adams,104,303,100,Green-30
Adams,104,304,100,Green-30
Adams,104,305,100,Green-30
Adams,104,306,100,Green-30
Adams,104,307,100,Green-30
Adams,104,308,99,Green-30
Adams,104,309,100,Green-30
Adams,104,310,100,Green-31
Adams,104,311,100,Green-31
Adams,104,312,100,Green-31
Adams,104,313,100,Green-31
Adams,104,314,100,Green-31
Adams,104,315,100,Green-31
Adams,104,316,99,Green-31
Adams,104,317,99,Green-31
Adams,104,318,100,Green-31
Adams,104,319,100,Green-31
Adams,104,320,100,Green-32
Adams,104,321,99,Green-32
Adams,104,322,100,Green-32
Adams,104,323,100,Green-32
Adams,104,324,100,Green-32
Adams,104,325,100,Green-32
Adams,104,326,99,Green-32
Adams,104,327,100,Green-32
Adams,104,328,99,Green-32
Adams,104,329,100,Green-32
Adams,104,330,100,Green-33
Adams,104,331,99,Green-33
Adams,104,332,99,Green-33
Adams,104,333,99,Green-33
Adams,104,334,99,Green-33
Adams,104,335,100,Green-33
Adams,104,336,100,Green-33
Adams,104,337,100,Green-33
Adams,104,338,100,Green-33
Adams,104,339,100,Green-33
Adams,104,340,35,Green-34
Adams,104,341,35,Green-34
Adams,104,342,100,Green-34
Adams,104,343,100,Green-34
Adams,104,344,100,Green-34
Adams,104,345,100,Green-34
Adams,104,346,100,Green-34
Adams,104,347,100,Green-34
Adams,104,348,100,Green-34
Adams,104,349,100,Green-34
Adams,104,350,100,Green-35
Adams,104,351,100,Green-35
Adams,104,352,96,Green-35
Adams,104,353,96,Green-35
Adams,104,354,100,Green-35
Adams,104,355,100,Green-35
Adams,104,356,99,Green-35
Adams,104,357,99,Green-35
Adams,104,358,97,Green-35
Adams,104,359,97,Green-35
Adams,104,360,100,Green-36
Adams,104,361,99,Green-36
Adams,104,362,99,Green-36
Adams,104,363,100,Green-36
Adams,104,364,100,Green-36
Adams,104,365,100,Green-36
Adams,104,366,100,Green-36
Adams,104,367,100,Green-36
Adams,104,368,100,Green-36
Adams,104,369,100,Green-36
Adams,104,370,98,Green-37
Adams,104,371,100,Green-37
Adams,104,372,100,Green-37
Adams,104,373,100,Green-37
Adams,104,374,100,Green-37
Adams,104,375,100,Green-37
Adams,104,376,100,Green-37
Adams,104,377,100,Green-37
Adams,104,378,100,Green-37
Adams,104,379,100,Green-37
Adams,104,380,100,Green-38
Adams,104,381,99,Green-38
Adams,104,382,100,Green-38
Adams,104,383,100,Green-38
Adams,104,384,100,Green-38
Adams,104,385,100,Green-38
Adams,104,386,99,Green-38
Adams,104,387,99,Green-38
Adams,104,388,98,Green-38
Adams,104,389,99,Green-38
Adams,104,390,99,Green-39
Adams,104,391,99,Green-39
Adams,104,392,100,Green-39
Adams,104,393,100,Green-39
Adams,104,394,93,Green-39
Adams,104,395,96,Green-39
Adams,104,396,100,Green-39
Adams,104,397,100,Green-39
Adams,104,398,100,Green-39
Adams,104,399,100,Green-39
Adams,104,400,100,Green-40
Adams,104,401,100,Green-40
Adams,104,402,100,Green-40
Adams,104,403,100,Green-40
Adams,104,404,98,Green-40
Adams,104,405,99,Green-40
Adams,104,406,99,Green-40
Adams,104,407,100,Green-40
Adams,104,408,100,Green-40
Adams,104,409,100,Green-40
Adams,104,410,100,Green-41
Adams,104,411,100,Green-41
Adams,104,412,100,Green-41
Adams,104,413,100,Green-41
Adams,104,414,100,Green-41
Adams,104,415,100,Green-41
Adams,104,416,100,Green-41
Adams,104,417,100,Green-41
Adams,104,418,100,Green-41
Adams,104,419,98,Green-41
Adams,104,420,100,Green-42
Adams,104,421,100,Green-42
Adams,104,422,100,Green-42
Adams,104,423,98,Green-42
Adams,104,424,100,Green-42
Adams,104,425,100,Green-42
Adams,104,426,100,Green-42
Adams,104,427,98,Green-42
Adams,104,428,100,Green-42
Adams,104,429,100,Green-42
Adams,104,430,100,Green-43
Adams,104,431,100,Green-43
Adams,104,432,100,Green-43
Adams,104,433,100,Green-43
Adams,104,434,100,Green-43
Adams,104,435,99,Green-43
Adams,104,436,100,Green-43
Adams,104,437,100,Green-43
Adams,104,438,100,Green-43
Adams,104,439,100,Green-43
Adams,104,440,100,Green-44
Adams,104,441,100,Green-44
Adams,104,442,99,Green-44
Adams,104,443,98,Green-44
Adams,104,444,2,Green-44
Adams,104,445,100,Green-44
Adams,104,446,100,Green-44
Adams,104,447,99,Green-44
Adams,104,448,99,Green-44
Adams,104,449,100,Green-44
Adams,104,450,100,Green-45
Adams,104,451,100,Green-45
Adams,104,452,100,Green-45
Adams,104,453,100,Green-45
Adams,104,454,99,Green-45
Adams,104,455,100,Green-45
Adams,104,456,100,Green-45
Adams,104,457,100,Green-45
Adams,104,458,100,Green-45
Adams,104,459,100,Green-45
Adams,104,460,100,Green-46
Adams,104,461,100,Green-46
Adams,104,462,100,Green-46
Adams,104,463,100,Green-46
Adams,104,464,100,Green-46
Adams,104,465,100,Green-46
Adams,104,466,100,Green-46
Adams,104,467,100,Green-46
Adams,104,468,100,Green-46
Adams,104,469,100,Green-46
Adams,104,470,100,Green-47
Adams,104,471,100,Green-47
Adams,104,472,100,Green-47
Adams,104,473,100,Green-47
Adams,104,474,100,Green-47
Adams,104,475,99,Green-47
Adams,104,476,99,Green-47
Adams,104,477,100,Green-47
Adams,104,478,100,Green-47
Adams,104,479,98,Green-47
Adams,104,480,100,Green-48
Adams,104,481,99,Green-48
Adams,104,482,99,Green-48
Adams,104,483,100,Green-48
Adams,104,484,100,Green-48
Adams,104,485,100,Green-48
Adams,104,486,100,Green-48
Adams,104,487,99,Green-48
Adams,104,488,99,Green-48
Adams,104,489,100,Green-48
Adams,104,490,100,Green-49
Adams,104,491,100,Green-49
Adams,104,492,100,Green-49
Adams,104,493,100,Green-49
Adams,104,494,100,Green-49
Adams,104,495,76,Green-49
Adams,104,496,76,Green-49
Adams,104,497,100,Green-49
Adams,104,498,100,Green-49
Adams,104,499,100,Green-49
Adams,104,500,100,Green-50
Adams,104,501,99,Green-50
Adams,104,502,99,Green-50
Adams,104,503,99,Green-50
Adams,104,504,100,Green-50
Adams,104,505,100,Green-50
Adams,104,506,100,Green-50
Adams,104,507,98,Green-50
Adams,104,508,100,Green-50
Adams,104,509,99,Green-51
Adams,104,510,100,Green-51
Adams,104,511,100,Green-51
Adams,104,512,100,Green-51
Adams,104,513,100,Green-51
Adams,104,514,100,Green-51
Adams,104,515,99,Green-51
Adams,104,516,99,Green-51
Adams,104,517,100,Green-51
Adams,104,518,100,Green-51
Adams,104,519,100,Green-52
Adams,104,520,100,Green-52
Adams,104,521,99,Green-52
Adams,104,522,100,Green-52
Adams,104,523,99,Green-52
Adams,104,524,96,Green-52
Adams,104,525,100,Green-52
Adams,104,526,100,Green-52
Adams,104,527,98,Green-52
Adams,104,528,100,Green-52
Adams,104,529,100,Green-53
Adams,104,530,100,Green-53
Adams,104,531,100,Green-53
Adams,104,532,100,Green-53
Adams,104,533,100,Green-53
Adams,104,534,100,Green-53
Adams,104,535,100,Green-53
Adams,104,536,100,Green-53
Adams,104,537,100,Green-53
Adams,104,538,100,Green-53
Adams,104,539,100,Green-54
Adams,104,540,100,Green-54
Adams,104,541,100,Green-54
Adams,104,542,100,Green-54
Adams,104,543,99,Green-54
Adams,104,544,99,Green-54
Adams,104,545,100,Green-54
Adams,104,546,100,Green-54
Adams,104,547,100,Green-54
Adams,104,548,99,Green-54
Adams,104,549,100,Green-55
Adams,104,550,100,Green-55
Adams,104,551,99,Green-55
Adams,104,552,100,Green-55
Adams,104,553,100,Green-55
Adams,104,554,100,Green-55
Adams,104,555,100,Green-55
Adams,104,556,100,Green-55
Adams,104,557,100,Green-55
Adams,104,558,100,Green-55
Adams,104,559,100,Green-56
Adams,104,560,100,Green-56
Adams,104,561,100,Green-56
Adams,104,562,99,Green-56
Adams,104,563,100,Green-56
Adams,104,564,100,Green-56
Adams,104,565,100,Green-56
Adams,104,566,100,Green-56
Adams,104,567,98,Green-56
Adams,104,568,98,Green-56
Adams,104,569,97,Green-57
Adams,104,570,98,Green-57
Adams,104,571,100,Green-57
Adams,104,572,100,Green-57
Adams,104,573,99,Green-57
Adams,104,574,99,Green-57
Adams,104,575,99,Green-57
Adams,104,576,99,Green-57
Adams,104,577,100,Green-57
Adams,104,578,100,Green-57
Adams,104,579,65,Green-58
Adams,104,580,65,Green-58
Adams,104,581,99,Green-58
Adams,104,582,100,Green-58
Adams,104,583,100,Green-58
Adams,104,584,100,Green-58
Adams,104,585,99,Green-58
Adams,104,586,99,Green-58
Adams,104,587,100,Green-58
Adams,104,588,99,Green-58
Adams,104,589,100,Green-59
Adams,104,590,100,Green-59
Adams,104,591,100,Green-59
Adams,104,592,99,Green-59
Adams,104,593,98,Green-59
Adams,104,594,99,Green-59
Adams,104,595,100,Green-59
Adams,104,596,100,Green-59
Adams,104,597,100,Green-59
Adams,104,598,100,Green-59
Adams,104,599,99,Green-60
Adams,104,600,99,Green-60
Adams,104,601,100,Green-60
Adams,104,602,100,Green-60
Adams,104,603,100,Green-60
Adams,104,604,100,Green-60
Adams,104,605,100,Green-60
Adams,104,606,100,Green-60
Adams,104,607,100,Green-60
Adams,104,608,99,Green-60
Adams,104,609,100,Green-61
Adams,104,610,100,Green-61
Adams,104,611,100,Green-61
Adams,104,612,100,Green-61
Adams,104,613,98,Green-61
Adams,104,614,99,Green-61
Adams,104,615,99,Green-61
Adams,104,616,99,Green-61
Adams,104,617,100,Green-61
Adams,104,618,98,Green-61
Adams,104,619,78,Green-62
Adams,104,620,78,Green-62
Adams,104,621,100,Green-62
Adams,104,622,100,Green-62
Adams,104,623,99,Green-62
Adams,104,624,100,Green-62
Adams,104,625,99,Green-62
Adams,104,626,100,Green-62
Adams,104,627,99,Green-62
Adams,104,628,99,Green-62
Adams,104,629,51,Green-63
Adams,104,630,51,Green-63
Adams,104,631,100,Green-63
Adams,104,632,100,Green-63
Adams,104,633,100,Green-63
Adams,104,634,100,Green-63
Adams,104,635,100,Green-63
Adams,104,636,100,Green-63
Adams,104,637,100,Green-63
Adams,104,638,100,Green-63
Adams,104,639,97,Green-64
Adams,104,640,100,Green-64
Adams,104,641,86,Green-64
Adams,104,642,85,Green-64
Adams,104,643,99,Green-64
Adams,104,644,99,Green-64
Adams,104,645,100,Green-64
Adams,104,646,100,Green-64
Adams,104,647,29,Green-64
Adams,104,648,29,Green-64
Adams,104,649,95,Green-65
Adams,104,650,100,Green-65
Adams,104,651,100,Green-65
Adams,104,652,87,Green-65
Adams,104,653,33,Green-65
Adams,104,654,100,Green-65
Adams,104,655,100,Green-65
Adams,104,656,100,Green-65
Adams,104,657,99,Green-65
Adams,104,658,100,Green-65
Adams,104,659,99,Green-65
Adams,104,660,100,Green-65
Adams,105,1,100,Yellow-1
Adams,105,2,100,Yellow-1
Adams,105,3,100,Yellow-1
Adams,105,4,100,Yellow-1
Adams,105,5,100,Yellow-1
Adams,105,6,100,Yellow-1
Adams,105,7,100,Yellow-1
Adams,105,8,99,Yellow-1
Adams,105,9,99,Yellow-1
Adams,105,10,100,Yellow-1
Adams,105,11,100,Yellow-2
Adams,105,12,99,Yellow-2
Adams,105,13,99,Yellow-2
Adams,105,14,100,Yellow-2
Adams,105,15,100,Yellow-2
Adams,105,16,100,Yellow-2
Adams,105,17,100,Yellow-2
Adams,105,18,100,Yellow-2
Adams,105,19,100,Yellow-2
Adams,105,20,100,Yellow-2
Adams,105,21,100,Yellow-3
Adams,105,22,100,Yellow-3
Adams,105,23,76,Yellow-3
Adams,105,24,76,Yellow-3
Adams,105,25,100,Yellow-3
Adams,105,26,100,Yellow-3
Adams,105,27,99,Yellow-3
Adams,105,28,99,Yellow-3
Adams,105,29,99,Yellow-3
Adams,105,30,99,Yellow-3
Adams,105,31,100,Yellow-4
Adams,105,32,100,Yellow-4
Adams,105,33,99,Yellow-4
Adams,105,34,99,Yellow-4
Adams,105,35,99,Yellow-4
Adams,105,36,98,Yellow-4
Adams,105,37,99,Yellow-4
Adams,105,38,99,Yellow-4
Adams,105,39,100,Yellow-4
Adams,105,40,100,Yellow-4
Adams,105,41,98,Yellow-5
Adams,105,42,99,Yellow-5
Adams,105,43,100,Yellow-5
Adams,105,44,100,Yellow-5
Adams,105,45,99,Yellow-5
Adams,105,46,99,Yellow-5
Adams,105,47,100,Yellow-5
Adams,105,48,100,Yellow-5
Adams,105,49,99,Yellow-5
Adams,105,50,98,Yellow-5
Adams,105,51,100,Yellow-6
Adams,105,52,100,Yellow-6
Adams,105,53,100,Yellow-6
Adams,105,54,100,Yellow-6
Adams,105,55,99,Yellow-6
Adams,105,56,99,Yellow-6
Adams,105,57,98,Yellow-6
Adams,105,58,100,Yellow-6
Adams,105,59,99,Yellow-6
Adams,105,60,100,Yellow-6
Adams,105,61,98,Yellow-7
Adams,105,62,99,Yellow-7
Adams,105,63,100,Yellow-7
Adams,105,64,100,Yellow-7
Adams,105,65,99,Yellow-7
Adams,105,66,99,Yellow-7
Adams,105,67,43,Yellow-7
Adams,105,68,41,Yellow-7
Adams,105,69,100,Yellow-7
Adams,105,70,100,Yellow-7
Adams,105,71,99,Yellow-7
Adams,105,72,98,Yellow-8
Adams,105,73,99,Yellow-8
Adams,105,74,99,Yellow-8
Adams,105,75,100,Yellow-8
Adams,105,76,101,Yellow-8
Adams,105,77,100,Yellow-8
Adams,105,78,100,Yellow-8
Adams,105,79,100,Yellow-8
Adams,105,80,100,Yellow-8
Adams,105,81,100,Yellow-8
Adams,105,82,100,Yellow-8
Adams,105,83,100,Yellow-9
Adams,105,84,100,Yellow-9
Adams,105,85,99,Yellow-9
Adams,105,86,99,Yellow-9
Adams,105,87,53,Yellow-9
Adams,105,88,53,Yellow-9
Adams,105,89,100,Yellow-9
Adams,105,90,100,Yellow-9
Adams,105,91,100,Yellow-9
Adams,105,92,100,Yellow-9
Adams,105,93,100,Yellow-10
Adams,105,94,99,Yellow-10
Adams,105,95,63,Yellow-10
Adams,105,96,63,Yellow-10
Adams,105,97,100,Yellow-10
Adams,105,98,100,Yellow-10
Adams,105,99,100,Yellow-10
Adams,105,100,100,Yellow-10
Adams,105,101,97,Yellow-10
Adams,105,102,100,Yellow-10
Adams,105,103,69,Yellow-10
Adams,105,104,69,Yellow-10
Adams,105,105,99,Yellow-11
Adams,105,106,100,Yellow-11
Adams,105,107,100,Yellow-11
Adams,105,108,99,Yellow-11
Adams,105,109,98,Yellow-11
Adams,105,110,98,Yellow-11
Adams,105,111,100,Yellow-11
Adams,105,112,100,Yellow-11
Adams,105,113,99,Yellow-11
Adams,105,114,100,Yellow-11
Adams,105,115,100,Yellow-12
Adams,105,116,100,Yellow-12
Adams,105,117,100,Yellow-12
Adams,105,118,100,Yellow-12
Adams,105,119,69,Yellow-12
Adams,105,120,69,Yellow-12
Adams,105,121,100,Yellow-12
Adams,105,122,100,Yellow-12
Adams,105,123,99,Yellow-12
Adams,105,124,100,Yellow-12
Adams,105,125,100,Yellow-13
Adams,105,126,100,Yellow-13
Adams,105,128,100,Yellow-13
Adams,105,129,99,Yellow-13
Adams,105,130,99,Yellow-13
Adams,105,131,100,Yellow-13
Adams,105,132,100,Yellow-13
Adams,105,133,98,Yellow-13
Adams,105,134,98,Yellow-13
Adams,105,135,99,Yellow-14
Adams,105,136,100,Yellow-14
Adams,105,137,100,Yellow-14
Adams,105,138,100,Yellow-14
Adams,105,139,99,Yellow-14
Adams,105,140,100,Yellow-14
Adams,105,141,100,Yellow-14
Adams,105,142,100,Yellow-14
Adams,105,143,65,Yellow-14
Adams,105,144,65,Yellow-14
Adams,105,145,2,Yellow-14
Adams,105,146,2,Yellow-14
Adams,105,147,99,Yellow-14
Adams,105,148,99,Yellow-15
Adams,105,149,99,Yellow-15
Adams,105,150,100,Yellow-15
Adams,105,151,98,Yellow-15
Adams,105,152,98,Yellow-15
Adams,105,153,100,Yellow-15
Adams,105,154,100,Yellow-15
Adams,105,155,92,Yellow-15
Adams,105,156,92,Yellow-15
Adams,105,157,100,Yellow-15
Adams,105,158,100,Yellow-15
Adams,105,159,98,Yellow-16
Adams,105,160,99,Yellow-16
Adams,105,161,100,Yellow-16
Adams,105,162,100,Yellow-16
Adams,105,163,100,Yellow-16
Adams,105,164,100,Yellow-16
Adams,105,165,98,Yellow-16
Adams,105,166,100,Yellow-16
Adams,105,167,100,Yellow-16
Adams,105,168,100,Yellow-16
Adams,105,169,99,Yellow-17
Adams,105,170,100,Yellow-17
Adams,105,171,100,Yellow-17
Adams,105,172,100,Yellow-17
Adams,105,173,100,Yellow-17
Adams,105,174,100,Yellow-17
Adams,105,175,100,Yellow-17
Adams,105,176,100,Yellow-17
Adams,105,177,100,Yellow-17
Adams,105,178,100,Yellow-17
Adams,105,179,100,Yellow-18
Adams,105,180,100,Yellow-18
Adams,105,181,99,Yellow-18
Adams,105,182,100,Yellow-18
Adams,105,183,100,Yellow-18
Adams,105,184,100,Yellow-18
Adams,105,185,98,Yellow-18
Adams,105,186,99,Yellow-18
Adams,105,187,100,Yellow-18
Adams,105,188,100,Yellow-18
Adams,105,189,100,Yellow-19
Adams,105,190,100,Yellow-19
Adams,105,191,99,Yellow-19
Adams,105,192,100,Yellow-19
Adams,105,193,99,Yellow-19
Adams,105,194,100,Yellow-19
Adams,105,195,100,Yellow-19
Adams,105,196,100,Yellow-19
Adams,105,197,100,Yellow-19
Adams,105,198,99,Yellow-19
Adams,105,199,99,Yellow-20
Adams,105,200,100,Yellow-20
Adams,105,201,100,Yellow-20
Adams,105,202,99,Yellow-20
Adams,105,203,100,Yellow-20
Adams,105,204,99,Yellow-20
Adams,105,205,100,Yellow-20
Adams,105,206,100,Yellow-20
Adams,105,207,100,Yellow-20
Adams,105,208,100,Yellow-20
Adams,105,209,33,Yellow-21
Adams,105,210,33,Yellow-21
Adams,105,211,100,Yellow-21
Adams,105,212,100,Yellow-21
Adams,105,213,34,Yellow-21
Adams,105,214,34,Yellow-21
Adams,105,215,99,Yellow-21
Adams,105,216,99,Yellow-21
Adams,105,217,100,Yellow-21
Adams,105,218,100,Yellow-21
Adams,105,219,30,Yellow-22
Adams,105,220,30,Yellow-22
Adams,105,221,100,Yellow-22
Adams,105,222,100,Yellow-22
Adams,105,223,100,Yellow-22
Adams,105,224,100,Yellow-22
Adams,105,225,52,Yellow-22
Adams,105,226,52,Yellow-22
Adams,105,227,100,Yellow-22
Adams,105,228,99,Yellow-22
Adams,105,229,100,Yellow-23
Adams,105,230,100,Yellow-23
Adams,105,231,99,Yellow-23
Adams,105,232,100,Yellow-23
Adams,105,233,100,Yellow-23
Adams,105,234,100,Yellow-23
Adams,105,235,100,Yellow-23
Adams,105,236,100,Yellow-23
Adams,105,237,98,Yellow-23
Adams,105,238,99,Yellow-23
Adams,105,239,100,Yellow-24
Adams,105,240,100,Yellow-24
Adams,105,241,100,Yellow-24
Adams,105,242,100,Yellow-24
Adams,105,243,100,Yellow-24
Adams,105,244,100,Yellow-24
Adams,105,245,100,Yellow-24
Adams,105,246,100,Yellow-24
Adams,105,247,59,Yellow-24
Adams,105,248,59,Yellow-24
Adams,105,249,98,Yellow-25
Adams,105,250,100,Yellow-25
Adams,105,251,100,Yellow-25
Adams,105,252,100,Yellow-25
Adams,105,253,100,Yellow-25
Adams,105,254,99,Yellow-25
Adams,105,255,100,Yellow-25
Adams,105,256,100,Yellow-25
Adams,105,257,100,Yellow-25
Adams,105,258,100,Yellow-25
Adams,105,259,100,Yellow-26
Adams,105,260,100,Yellow-26
Adams,105,261,100,Yellow-26
Adams,105,262,100,Yellow-26
Adams,105,263,97,Yellow-26
Adams,105,264,100,Yellow-26
Adams,105,265,99,Yellow-26
Adams,105,266,100,Yellow-26
Adams,105,267,99,Yellow-26
Adams,105,268,100,Yellow-26
Adams,105,269,64,Yellow-27
Adams,105,270,64,Yellow-27
Adams,105,271,99,Yellow-27
Adams,105,272,99,Yellow-27
Adams,105,273,100,Yellow-27
Adams,105,274,100,Yellow-27
Adams,105,275,99,Yellow-27
Adams,105,276,100,Yellow-27
Adams,105,277,99,Yellow-27
Adams,105,278,99,Yellow-27
Adams,105,279,59,Yellow-28
Adams,105,280,60,Yellow-28
Adams,105,281,99,Yellow-28
Adams,105,282,100,Yellow-28
Adams,105,283,99,Yellow-28
Adams,105,284,98,Yellow-28
Adams,105,285,100,Yellow-28
Adams,105,286,100,Yellow-28
Adams,105,287,100,Yellow-28
Adams,105,288,100,Yellow-28
Adams,105,289,99,Yellow-29
Adams,105,290,100,Yellow-29
Adams,105,291,98,Yellow-29
Adams,105,292,100,Yellow-29
Adams,105,293,100,Yellow-29
Adams,105,294,100,Yellow-29
Adams,105,295,100,Yellow-29
Adams,105,296,100,Yellow-29
Adams,105,297,99,Yellow-29
Adams,105,298,100,Yellow-29
Adams,105,299,51,Yellow-30
Adams,105,300,51,Yellow-30
Adams,105,301,100,Yellow-30
Adams,105,302,100,Yellow-30
Adams,105,303,23,Yellow-30
Adams,105,304,24,Yellow-30
Adams,105,305,100,Yellow-30
Adams,105,306,100,Yellow-30
Adams,105,307,99,Yellow-30
Adams,105,308,98,Yellow-30
Adams,105,309,100,Yellow-31
Adams,105,310,100,Yellow-31
Adams,105,311,100,Yellow-31
Adams,105,312,100,Yellow-31
Adams,105,313,100,Yellow-31
Adams,105,314,100,Yellow-31
Adams,105,315,100,Yellow-31
Adams,105,316,100,Yellow-31
Adams,105,317,100,Yellow-31
Adams,105,318,100,Yellow-31
Adams,105,319,100,Yellow-32
Adams,105,320,100,Yellow-32
Adams,105,321,100,Yellow-32
Adams,105,322,100,Yellow-32
Adams,105,323,100,Yellow-32
Adams,105,324,100,Yellow-32
Adams,105,325,100,Yellow-32
Adams,105,326,100,Yellow-32
Adams,105,327,100,Yellow-32
Adams,105,328,100,Yellow-32
Adams,105,329,100,Yellow-32
Adams,105,330,100,Yellow-32
Adams,105,331,100,Yellow-32
Adams,105,332,100,Yellow-32
Adams,105,333,100,Yellow-33
Adams,105,334,100,Yellow-33
Adams,105,335,99,Yellow-33
Adams,105,336,98,Yellow-33
Adams,105,337,100,Yellow-33
Adams,105,338,100,Yellow-33
Adams,105,339,100,Yellow-33
Adams,105,340,96,Yellow-33
Adams,105,341,96,Yellow-33
Adams,105,342,100,Yellow-33
Adams,105,343,100,Yellow-33
Adams,105,344,100,Yellow-34
Adams,105,345,100,Yellow-34
Adams,105,346,100,Yellow-34
Adams,105,347,100,Yellow-34
Adams,105,348,100,Yellow-34
Adams,105,349,99,Yellow-34
Adams,105,350,100,Yellow-34
Adams,105,351,100,Yellow-34
Adams,105,352,99,Yellow-34
Adams,105,353,100,Yellow-34
Adams,105,354,100,Yellow-34
Adams,105,355,98,Yellow-34
Adams,105,356,100,Yellow-35
Adams,105,357,98,Yellow-35
Adams,105,358,99,Yellow-35
Adams,105,359,99,Yellow-35
Adams,105,360,100,Yellow-35
Adams,105,361,78,Yellow-35
Adams,105,362,43,Yellow-35
Adams,105,363,99,Yellow-35
Adams,105,364,100,Yellow-35
Adams,105,365,97,Yellow-35
Adams,105,366,98,Yellow-36
Adams,105,367,97,Yellow-36
Adams,105,368,98,Yellow-36
Adams,105,369,98,Yellow-36
Adams,105,370,100,Yellow-36
Adams,105,371,99,Yellow-36
Adams,105,372,97,Yellow-36
Adams,105,373,100,Yellow-36
Adams,105,374,100,Yellow-36
Adams,105,375,100,Yellow-36
Adams,105,376,101,Yellow-36
Adams,105,377,100,Yellow-36
Adams,105,378,100,Yellow-37
Adams,105,379,101,Yellow-37
Adams,105,380,100,Yellow-37
Adams,105,381,100,Yellow-37
Adams,105,382,100,Yellow-37
Adams,105,383,99,Yellow-37
Adams,105,384,100,Yellow-37
Adams,105,385,100,Yellow-37
Adams,105,386,100,Yellow-37
Adams,105,387,83,Yellow-37
Adams,105,388,100,Yellow-37
Adams,106,1,95,Pink-1
Adams,106,2,98,Pink-1
Adams,106,3,98,Pink-1
Adams,106,4,99,Pink-1
Adams,106,5,99,Pink-1
Adams,106,6,99,Pink-1
Adams,106,7,100,Pink-1
Adams,106,8,100,Pink-1
Adams,106,9,100,Pink-1
Adams,106,10,100,Pink-1
Adams,106,11,100,Pink-2
Adams,106,12,100,Pink-2
Adams,106,13,99,Pink-2
Adams,106,14,99,Pink-2
Adams,106,15,99,Pink-2
Adams,106,16,100,Pink-2
Adams,106,17,99,Pink-2
Adams,106,18,100,Pink-2
Adams,106,19,100,Pink-2
Adams,106,20,100,Pink-3
Adams,106,21,100,Pink-3
Adams,106,22,100,Pink-3
Adams,106,23,100,Pink-3
Adams,106,24,100,Pink-3
Adams,106,25,100,Pink-3
Adams,106,26,99,Pink-3
Adams,106,27,101,Pink-3
Adams,106,28,100,Pink-3
Adams,106,29,100,Pink-3
Adams,106,30,98,Pink-4
Adams,106,31,100,Pink-4
Adams,106,32,99,Pink-4
Adams,106,33,99,Pink-4
Adams,106,34,100,Pink-4
Adams,106,35,100,Pink-4
Adams,106,36,99,Pink-4
Adams,106,37,99,Pink-4
Adams,106,38,96,Pink-4
Adams,106,39,99,Pink-4
Adams,106,40,100,Pink-5
Adams,106,41,98,Pink-5
Adams,106,42,98,Pink-5
Adams,106,43,100,Pink-5
Adams,106,44,96,Pink-5
Adams,106,45,100,Pink-5
Adams,106,46,98,Pink-5
Adams,106,47,98,Pink-5
Adams,106,48,100,Pink-5
Adams,106,49,99,Pink-5
Adams,106,50,100,Pink-6
Adams,106,51,100,Pink-6
Adams,106,52,99,Pink-6
Adams,106,53,99,Pink-6
Adams,106,54,99,Pink-6
Adams,106,55,99,Pink-6
Adams,106,56,100,Pink-6
Adams,106,57,100,Pink-6
Adams,106,58,98,Pink-6
Adams,106,59,98,Pink-6
Adams,106,60,100,Pink-7
Adams,106,61,100,Pink-7
Adams,106,62,99,Pink-7
Adams,106,63,100,Pink-7
Adams,106,64,100,Pink-7
Adams,106,65,100,Pink-7
Adams,106,66,100,Pink-7
Adams,106,67,100,Pink-7
Adams,106,68,100,Pink-7
Adams,106,69,100,Pink-7
Adams,106,70,100,Pink-8
Adams,106,71,100,Pink-8
Adams,106,72,100,Pink-8
Adams,106,73,100,Pink-8
Adams,106,74,100,Pink-8
Adams,106,75,100,Pink-8
Adams,106,76,98,Pink-8
Adams,106,77,99,Pink-8
Adams,106,78,100,Pink-8
Adams,106,79,100,Pink-8
Adams,106,80,100,Pink-9
Adams,106,81,100,Pink-9
Adams,106,82,99,Pink-9
Adams,106,83,100,Pink-9
Adams,106,84,74,Pink-9
Adams,106,85,75,Pink-9
Adams,106,86,99,Pink-9
Adams,106,87,99,Pink-9
Adams,106,88,100,Pink-9
Adams,106,89,100,Pink-9
Adams,106,90,100,Pink-10
Adams,106,91,100,Pink-10
Adams,106,92,100,Pink-10
Adams,106,93,100,Pink-10
Adams,106,94,100,Pink-10
Adams,106,95,100,Pink-10
Adams,106,96,100,Pink-10
Adams,106,97,99,Pink-10
Adams,106,98,99,Pink-10
Adams,106,99,100,Pink-10
Adams,106,100,100,Pink-11
Adams,106,101,100,Pink-11
Adams,106,102,99,Pink-11
Adams,106,103,100,Pink-11
Adams,106,104,100,Pink-11
Adams,106,105,100,Pink-11
Adams,106,106,100,Pink-11
Adams,106,107,100,Pink-11
Adams,106,108,100,Pink-11
Adams,106,109,100,Pink-11
Adams,106,110,100,Pink-12
Adams,106,111,100,Pink-12
Adams,106,112,100,Pink-12
Adams,106,113,99,Pink-12
Adams,106,114,98,Pink-12
Adams,106,115,98,Pink-12
Adams,106,116,99,Pink-12
Adams,106,117,99,Pink-12
Adams,106,118,100,Pink-12
Adams,106,119,100,Pink-12
Adams,106,120,100,Pink-13
Adams,106,121,100,Pink-13
Adams,106,122,100,Pink-13
Adams,106,123,100,Pink-13
Adams,106,124,99,Pink-13
Adams,106,125,100,Pink-13
Adams,106,126,99,Pink-13
Adams,106,127,100,Pink-13
Adams,106,128,100,Pink-13
Adams,106,129,100,Pink-13
Adams,106,130,99,Pink-14
Adams,106,131,100,Pink-14
Adams,106,132,100,Pink-14
Adams,106,133,99,Pink-14
Adams,106,134,99,Pink-14
Adams,106,135,100,Pink-14
Adams,106,136,100,Pink-14
Adams,106,137,99,Pink-14
Adams,106,138,100,Pink-14
Adams,106,139,100,Pink-14
Adams,106,140,100,Pink-15
Adams,106,141,98,Pink-15
Adams,106,142,100,Pink-15
Adams,106,143,100,Pink-15
Adams,106,144,100,Pink-15
Adams,106,145,99,Pink-15
Adams,106,146,100,Pink-15
Adams,106,147,100,Pink-15
Adams,106,148,100,Pink-15
Adams,106,149,100,Pink-15
Adams,106,150,100,Pink-16
Adams,106,151,100,Pink-16
Adams,106,152,100,Pink-16
Adams,106,153,100,Pink-16
Adams,106,154,99,Pink-16
Adams,106,155,100,Pink-16
Adams,106,156,11,Pink-16
Adams,106,157,11,Pink-16
Adams,106,158,9,Pink-16
Adams,106,159,9,Pink-16
Adams,106,160,100,Pink-16
Adams,106,161,100,Pink-16
Adams,106,162,100,Pink-16
Adams,106,163,100,Pink-17
Adams,106,164,100,Pink-17
Adams,106,165,100,Pink-17
Adams,106,166,100,Pink-17
Adams,106,167,100,Pink-17
Adams,106,168,99,Pink-17
Adams,106,169,99,Pink-17
Adams,106,170,100,Pink-17
Adams,106,171,100,Pink-17
Adams,106,172,99,Pink-17
Adams,106,173,100,Pink-18
Adams,106,174,100,Pink-18
Adams,106,175,100,Pink-18
Adams,106,176,100,Pink-18
Adams,106,177,100,Pink-18
Adams,106,178,100,Pink-18
Adams,106,179,99,Pink-18
Adams,106,180,100,Pink-18
Adams,106,181,100,Pink-18
Adams,106,182,99,Pink-18
Adams,106,183,99,Pink-19
Adams,106,184,99,Pink-19
Adams,106,185,100,Pink-19
Adams,106,186,100,Pink-19
Adams,106,187,76,Pink-19
Adams,106,188,24,Pink-19
Adams,106,189,100,Pink-19
Adams,106,190,100,Pink-19
Adams,106,191,99,Pink-19
Adams,106,192,100,Pink-19
Adams,106,193,100,Pink-19
Adams,106,194,100,Pink-20
Adams,106,195,99,Pink-20
Adams,106,196,99,Pink-20
Adams,106,197,100,Pink-20
Adams,106,198,100,Pink-20
Adams,106,199,100,Pink-20
Adams,106,200,100,Pink-20
Adams,106,201,99,Pink-20
Adams,106,202,101,Pink-20
Adams,106,203,99,Pink-20
Adams,106,204,99,Pink-21
Adams,106,205,98,Pink-21
Adams,106,206,99,Pink-21
Adams,106,207,100,Pink-21
Adams,106,208,100,Pink-21
Adams,106,209,93,Pink-21
Adams,106,210,99,Pink-21
Adams,106,211,98,Pink-21
Adams,106,212,100,Pink-21
Adams,106,213,23,Pink-21
Adams,106,214,23,Pink-21
Adams,106,215,100,Pink-22
Adams,106,216,100,Pink-22
Adams,106,217,100,Pink-22
Adams,106,218,99,Pink-22
Adams,106,219,100,Pink-22
Adams,106,220,99,Pink-22
Adams,106,221,99,Pink-22
Adams,106,222,100,Pink-22
Adams,106,223,98,Pink-22
Adams,106,224,100,Pink-22
Adams,106,225,67,Pink-23
Adams,106,226,67,Pink-23
Adams,106,227,99,Pink-23
Adams,106,228,100,Pink-23
Adams,106,229,100,Pink-23
Adams,106,230,100,Pink-23
Adams,106,231,100,Pink-23
Adams,106,232,100,Pink-23
Adams,106,233,99,Pink-23
Adams,106,234,100,Pink-23
Adams,106,235,99,Pink-23
Adams,106,236,99,Pink-24
Adams,106,237,100,Pink-24
Adams,106,238,100,Pink-24
Adams,106,239,100,Pink-24
Adams,106,240,100,Pink-24
Adams,106,241,100,Pink-24
Adams,106,242,100,Pink-24
Adams,106,243,100,Pink-24
Adams,106,244,100,Pink-24
Adams,106,245,100,Pink-24
Adams,106,246,100,Pink-25
Adams,106,247,100,Pink-25
Adams,106,248,100,Pink-25
Adams,106,249,99,Pink-25
Adams,106,250,99,Pink-25
Adams,106,251,100,Pink-25
Adams,106,252,100,Pink-25
Adams,106,253,72,Pink-25
Adams,106,254,71,Pink-25
Adams,106,255,100,Pink-25
Adams,106,256,100,Pink-26
Adams,106,257,100,Pink-26
Adams,106,258,100,Pink-26
Adams,106,259,99,Pink-26
Adams,106,260,99,Pink-26
Adams,106,261,100,Pink-26
Adams,106,262,100,Pink-26
Adams,106,263,100,Pink-26
Adams,106,264,100,Pink-26
Adams,106,265,100,Pink-26
Adams,106,266,100,Pink-27
Adams,106,267,100,Pink-27
Adams,106,268,100,Pink-27
Adams,106,269,100,Pink-27
Adams,106,270,100,Pink-27
Adams,106,271,100,Pink-27
Adams,106,272,100,Pink-27
Adams,106,273,100,Pink-27
Adams,106,274,100,Pink-27
Adams,106,275,100,Pink-27
Adams,106,276,100,Pink-28
Adams,106,277,100,Pink-28
Adams,106,278,100,Pink-28
Adams,106,279,99,Pink-28
Adams,106,280,99,Pink-28
Adams,106,281,100,Pink-28
Adams,106,282,100,Pink-28
Adams,106,283,98,Pink-28
Adams,106,284,99,Pink-28
Adams,106,285,29,Pink-28
Adams,106,286,30,Pink-28
Adams,106,287,99,Pink-29
Adams,106,288,100,Pink-29
Adams,106,289,99,Pink-29
Adams,106,290,99,Pink-29
Adams,106,291,99,Pink-29
Adams,106,292,100,Pink-29
Adams,106,293,100,Pink-29
Adams,106,294,100,Pink-29
Adams,106,295,100,Pink-29
Adams,106,296,100,Pink-29
Adams,106,297,99,Pink-30
Adams,106,298,100,Pink-30
Adams,106,299,100,Pink-30
Adams,106,300,100,Pink-30
Adams,106,301,98,Pink-30
Adams,106,302,98,Pink-30
Adams,106,303,100,Pink-30
Adams,106,304,100,Pink-30
Adams,106,305,99,Pink-30
Adams,106,306,100,Pink-30
Adams,106,307,99,Pink-31
Adams,106,308,99,Pink-31
Adams,106,309,100,Pink-31
Adams,106,310,99,Pink-31
Adams,106,311,100,Pink-31
Adams,106,312,100,Pink-31
Adams,106,313,99,Pink-31
Adams,106,314,99,Pink-31
Adams,106,315,100,Pink-31
Adams,106,316,100,Pink-31
Adams,106,317,100,Pink-32
Adams,106,318,98,Pink-32
Adams,106,319,101,Pink-32
Adams,106,320,99,Pink-32
Adams,106,321,99,Pink-32
Adams,106,322,100,Pink-32
Adams,106,323,98,Pink-32
Adams,106,324,99,Pink-32
Adams,106,325,100,Pink-32
Adams,106,326,100,Pink-32
Adams,106,327,100,Pink-33
Adams,106,328,100,Pink-33
Adams,106,329,100,Pink-33
Adams,106,330,100,Pink-33
Adams,106,331,100,Pink-33
Adams,106,332,100,Pink-33
Adams,106,333,48,Pink-33
Adams,106,334,48,Pink-33
Adams,106,335,100,Pink-33
Adams,106,336,100,Pink-33
Adams,106,337,99,Pink-34
Adams,106,338,100,Pink-34
Adams,106,339,100,Pink-34
Adams,106,340,99,Pink-34
Adams,106,341,11,Pink-34
Adams,106,342,11,Pink-34
Adams,106,343,100,Pink-34
Adams,106,344,100,Pink-34
Adams,107,1,100,Brown-1
Adams,107,2,100,Brown-1
Adams,107,3,100,Brown-1
Adams,107,4,100,Brown-1
Adams,107,5,99,Brown-1
Adams,107,6,100,Brown-1
Adams,107,7,48,Brown-3
Adams,107,8,48,Brown-3
Adams,107,9,99,Brown-3
Adams,107,10,99,Brown-3
Adams,107,11,101,Brown-3
Adams,107,12,100,Brown-3
Adams,107,13,100,Brown-3
Adams,107,14,99,Brown-3
Adams,107,15,100,Brown-3
Adams,107,16,100,Brown-3
Adams,107,17,100,Brown-3
Adams,107,18,100,Brown-1
Adams,107,19,100,Brown-1
Adams,107,20,100,Brown-1
Adams,107,21,100,Brown-1
Adams,107,22,90,Brown-2
Adams,107,23,100,Brown-2
Adams,107,24,98,Brown-2
Adams,107,25,98,Brown-2
Adams,107,26,99,Brown-2
Adams,107,27,99,Brown-2
Adams,107,28,100,Brown-2
Adams,107,29,100,Brown-2
Adams,107,30,100,Brown-2
Adams,107,31,100,Brown-2
Adams,107,32,100,Brown-4
Adams,107,33,100,Brown-4
Adams,107,34,100,Brown-4
Adams,107,35,98,Brown-4
Adams,107,36,100,Brown-4
Adams,107,37,100,Brown-4
Adams,107,38,100,Brown-4
Adams,107,39,100,Brown-4
Adams,107,40,99,Brown-4
Adams,107,41,100,Brown-4
Adams,107,42,100,Brown-5
Adams,107,43,100,Brown-5
Adams,107,44,100,Brown-5
Adams,107,45,100,Brown-5
Adams,107,46,100,Brown-5
Adams,107,47,100,Brown-5
Adams,107,48,99,Brown-5
Adams,107,49,99,Brown-5
Adams,107,50,100,Brown-5
Adams,107,51,100,Brown-5
Adams,107,52,99,Brown-6
Adams,107,53,100,Brown-6
Adams,107,54,100,Brown-6
Adams,107,55,99,Brown-6
Adams,107,56,100,Brown-6
Adams,107,57,100,Brown-6
Adams,107,58,100,Brown-6
Adams,107,59,100,Brown-6
Adams,107,60,99,Brown-6
Adams,107,61,100,Brown-6
Adams,107,62,100,Brown-7
Adams,107,63,100,Brown-7
Adams,107,64,100,Brown-7
Adams,107,65,100,Brown-7
Adams,107,66,100,Brown-7
Adams,107,67,100,Brown-7
Adams,107,68,99,Brown-7
Adams,107,69,100,Brown-7
Adams,107,70,100,Brown-7
Adams,107,71,100,Brown-7
Adams,107,72,100,Brown-8
Adams,107,73,100,Brown-8
Adams,107,74,100,Brown-8
Adams,107,75,100,Brown-8
Adams,107,76,100,Brown-8
Adams,107,77,100,Brown-8
Adams,107,78,99,Brown-8
Adams,107,79,98,Brown-8
Adams,107,80,100,Brown-8
Adams,107,81,100,Brown-8
Adams,107,82,100,Brown-9
Adams,107,83,100,Brown-9
Adams,107,84,99,Brown-9
Adams,107,85,99,Brown-9
Adams,107,86,100,Brown-9
Adams,107,87,100,Brown-9
Adams,107,88,100,Brown-9
Adams,107,89,99,Brown-9
Adams,107,90,99,Brown-9
Adams,107,91,100,Brown-9
Adams,107,92,100,Brown-10
Adams,107,93,100,Brown-10
Adams,107,94,99,Brown-10
Adams,107,95,100,Brown-10
Adams,107,96,100,Brown-10
Adams,107,97,100,Brown-10
Adams,107,98,100,Brown-10
Adams,107,99,100,Brown-10
Adams,107,100,100,Brown-10
Adams,107,101,99,Brown-10
Adams,107,102,100,Brown-11
Adams,107,103,100,Brown-11
Adams,107,104,96,Brown-11
Adams,107,105,97,Brown-11
Adams,107,106,99,Brown-11
Adams,107,107,99,Brown-11
Adams,107,108,100,Brown-11
Adams,107,109,100,Brown-11
Adams,107,110,99,Brown-11
Adams,107,111,100,Brown-11
Adams,107,112,100,Brown-12
Adams,107,113,100,Brown-12
Adams,107,114,100,Brown-12
Adams,107,115,100,Brown-12
Adams,107,116,100,Brown-12
Adams,107,117,99,Brown-12
Adams,107,118,99,Brown-12
Adams,107,119,99,Brown-12
Adams,107,120,98,Brown-12
Adams,107,121,99,Brown-12
Adams,107,122,98,Brown-13
Adams,107,123,99,Brown-13
Adams,107,124,100,Brown-13
Adams,107,125,100,Brown-13
Adams,107,126,100,Brown-13
Adams,107,127,100,Brown-13
Adams,107,128,99,Brown-13
Adams,107,129,100,Brown-13
Adams,107,130,100,Brown-13
Adams,107,131,100,Brown-13
Adams,107,132,100,Brown-14
Adams,107,133,100,Brown-14
Adams,107,134,100,Brown-14
Adams,107,135,100,Brown-14
Adams,107,136,100,Brown-14
Adams,107,137,99,Brown-14
Adams,107,138,100,Brown-14
Adams,107,139,98,Brown-14
Adams,107,140,99,Brown-14
Adams,107,141,99,Brown-14
Adams,107,142,100,Brown-15
Adams,107,143,100,Brown-15
Adams,107,144,99,Brown-15
Adams,107,145,100,Brown-15
Adams,107,146,100,Brown-15
Adams,107,147,99,Brown-15
Adams,107,148,100,Brown-15
Adams,107,149,100,Brown-15
Adams,107,150,99,Brown-15
Adams,107,151,100,Brown-15
Adams,107,152,100,Brown-16
Adams,107,153,100,Brown-16
Adams,107,154,100,Brown-16
Adams,107,155,100,Brown-16
Adams,107,156,100,Brown-16
Adams,107,157,100,Brown-16
Adams,107,158,100,Brown-16
Adams,107,159,100,Brown-16
Adams,107,160,99,Brown-16
Adams,107,161,100,Brown-16
Adams,107,162,99,Brown-17
Adams,107,163,99,Brown-17
Adams,107,164,100,Brown-17
Adams,107,165,100,Brown-17
Adams,107,166,100,Brown-17
Adams,107,167,100,Brown-17
Adams,107,168,98,Brown-17
Adams,107,169,99,Brown-17
Adams,107,170,99,Brown-17
Adams,107,171,99,Brown-17
Adams,107,172,100,Brown-18
Adams,107,173,99,Brown-18
Adams,107,174,99,Brown-18
Adams,107,175,99,Brown-18
Adams,107,176,100,Brown-18
Adams,107,177,100,Brown-18
Adams,107,178,100,Brown-18
Adams,107,179,100,Brown-18
Adams,107,180,100,Brown-18
Adams,107,181,100,Brown-18
Adams,107,182,99,Brown-19
Adams,107,183,99,Brown-19
Adams,107,184,100,Brown-19
Adams,107,185,100,Brown-19
Adams,107,186,81,Brown-19
Adams,107,187,81,Brown-19
Adams,107,188,100,Brown-19
Adams,107,189,100,Brown-19
Adams,107,190,100,Brown-19
Adams,107,191,76,Brown-19
Adams,107,192,99,Brown-19
Adams,107,193,100,Brown-20
Adams,107,194,99,Brown-20
Adams,107,195,99,Brown-20
Adams,107,196,100,Brown-20
Adams,107,197,100,Brown-20
Adams,107,198,100,Brown-20
Adams,107,199,100,Brown-20
Adams,107,200,100,Brown-20
Adams,107,201,100,Brown-20
Adams,107,202,100,Brown-20
Adams,107,203,100,Brown-21
Adams,107,204,100,Brown-21
Adams,107,205,100,Brown-21
Adams,107,206,100,Brown-21
Adams,107,207,99,Brown-21
Adams,107,208,100,Brown-21
Adams,107,209,100,Brown-21
Adams,107,210,100,Brown-21
Adams,107,211,100,Brown-21
Adams,107,212,100,Brown-21
Adams,107,213,100,Brown-22
Adams,107,214,99,Brown-22
Adams,107,215,99,Brown-22
Adams,107,216,100,Brown-22
Adams,107,217,99,Brown-22
Adams,107,218,99,Brown-22
Adams,107,219,99,Brown-22
Adams,107,220,14,Brown-22
Adams,107,221,14,Brown-22
Adams,107,222,100,Brown-22
Adams,107,223,98,Brown-22
Adams,107,224,100,Brown-23
Adams,107,225,100,Brown-23
Adams,107,226,99,Brown-23
Adams,107,227,100,Brown-23
Adams,107,228,100,Brown-23
Adams,107,229,100,Brown-23
Adams,107,230,100,Brown-23
Adams,107,231,100,Brown-23
Adams,107,232,99,Brown-23
Adams,107,233,98,Brown-23
Adams,107,234,100,Brown-24
Adams,107,235,100,Brown-24
Adams,107,236,99,Brown-24
Adams,107,237,99,Brown-24
Adams,107,238,58,Brown-24
Adams,107,239,58,Brown-24
Adams,107,240,99,Brown-24
Adams,107,241,101,Brown-24
Adams,107,242,100,Brown-24
Adams,107,243,100,Brown-24
Adams,107,244,100,Brown-25
Adams,107,245,99,Brown-25
Adams,107,246,100,Brown-25
Adams,107,247,100,Brown-25
Adams,107,248,100,Brown-25
Adams,107,249,100,Brown-25
Adams,107,250,100,Brown-25
Adams,107,251,99,Brown-25
Adams,107,252,99,Brown-25
Adams,107,253,100,Brown-25
Adams,107,254,99,Brown-26
Adams,107,255,99,Brown-26
Adams,107,256,100,Brown-26
Adams,107,257,100,Brown-26
Adams,107,258,100,Brown-26
Adams,107,259,100,Brown-26
Adams,107,260,99,Brown-26
Adams,107,261,100,Brown-26
Adams,107,262,100,Brown-26
Adams,107,263,100,Brown-26
Adams,107,264,99,Brown-27
Adams,107,265,99,Brown-27
Adams,107,266,101,Brown-27
Adams,107,267,100,Brown-27
Adams,107,268,99,Brown-27
Adams,107,269,99,Brown-27
Adams,107,270,99,Brown-27
Adams,107,271,99,Brown-27
Adams,107,272,98,Brown-27
Adams,107,273,100,Brown-27
Adams,107,274,100,Brown-28
Adams,107,275,100,Brown-28
Adams,107,276,100,Brown-28
Adams,107,277,102,Brown-28
Adams,107,278,97,Brown-28
Adams,107,279,100,Brown-28
Adams,107,280,97,Brown-28
Adams,107,281,97,Brown-28
Adams,107,282,98,Brown-28
Adams,107,283,100,Brown-28
Adams,107,284,99,Brown-29
Adams,107,285,99,Brown-29
Adams,107,286,100,Brown-29
Adams,107,287,100,Brown-29
Adams,107,288,100,Brown-29
Adams,107,289,100,Brown-29
Adams,107,290,100,Brown-29
Adams,107,291,100,Brown-29
Adams,107,292,99,Brown-29
Adams,107,293,100,Brown-29
Adams,107,294,100,Brown-30
Adams,107,295,100,Brown-30
Adams,107,296,99,Brown-30
Adams,107,297,100,Brown-30
Adams,107,298,100,Brown-30
Adams,107,299,99,Brown-30
Adams,107,300,100,Brown-30
Adams,107,301,99,Brown-30
Adams,107,302,97,Brown-30
Adams,107,303,97,Brown-30
Adams,107,304,98,Brown-31
Adams,107,305,100,Brown-31
Adams,107,306,100,Brown-31
Adams,107,307,100,Brown-31
Adams,107,308,96,Brown-31
Adams,107,309,99,Brown-31
Adams,107,310,98,Brown-31
Adams,107,311,100,Brown-31
Adams,107,312,100,Brown-31
Adams,107,313,100,Brown-31
Adams,107,314,99,Brown-32
Adams,107,315,100,Brown-32
Adams,107,316,99,Brown-32
Adams,107,317,99,Brown-32
Adams,107,318,98,Brown-32
Adams,107,319,99,Brown-32
Adams,107,320,101,Brown-32
Adams,107,321,100,Brown-32
Adams,107,322,94,Brown-32
Adams,107,323,94,Brown-32
Adams,107,324,39,Brown-33
Adams,107,325,82,Brown-33
Adams,107,326,100,Brown-33
Adams,107,327,100,Brown-33
Adams,107,328,100,Brown-33
Adams,107,329,100,Brown-33
Adams,107,330,90,Brown-33
Adams,107,331,90,Brown-33
Adams,107,332,100,Brown-33
Adams,107,333,100,Brown-33
Adams,107,334,101,Brown-34
Adams,107,335,97,Brown-34
Adams,107,336,96,Brown-34
Adams,107,337,100,Brown-34
Adams,107,338,100,Brown-34
Adams,107,339,55,Brown-34
Adams,107,340,55,Brown-34
Adams,107,341,61,Brown-34
Adams,107,342,61,Brown-34
Adams,107,343,99,Brown-34
Adams,107,344,97,Brown-35
Adams,107,345,28,Brown-35
Adams,107,346,100,Brown-35
Adams,107,347,100,Brown-35
Adams,107,348,100,Brown-35
Adams,107,349,100,Brown-35
Adams,107,350,78,Brown-35
Adams,107,351,102,Brown-35
Adams,107,352,104,Brown-35
Adams,107,353,98,Brown-35
Adams,107,354,99,Brown-35
