County,Tabulator,Batch,# of Ballots Cards,Location
Arapahoe,101,1,100,ICC 101-1
Arapahoe,101,2,36,ICC 101-1
Arapahoe,101,3,100,ICC 101-1
Arapahoe,101,4,100,ICC 101-1
Arapahoe,101,5,98,ICC 101-1
Arapahoe,101,6,100,ICC 101-1
Arapahoe,101,7,100,ICC 101-1
Arapahoe,101,8,81,ICC 101-1
Arapahoe,101,9,99,ICC 101-1
Arapahoe,101,10,100,ICC 101-1
Arapahoe,101,11,96,ICC 101-1
Arapahoe,101,12,99,ICC 101-1
Arapahoe,101,13,100,ICC 101-2
Arapahoe,101,14,100,ICC 101-2
Arapahoe,101,15,100,ICC 101-2
Arapahoe,101,16,98,ICC 101-2
Arapahoe,101,17,100,ICC 101-2
Arapahoe,101,18,100,ICC 101-2
Arapahoe,101,19,98,ICC 101-2
Arapahoe,101,20,100,ICC 101-2
Arapahoe,101,21,100,ICC 101-2
Arapahoe,101,22,100,ICC 101-2
Arapahoe,101,23,100,ICC 101-2
Arapahoe,101,24,99,ICC 101-2
Arapahoe,101,25,100,ICC 101-3
Arapahoe,101,26,100,ICC 101-3
Arapahoe,101,27,99,ICC 101-3
Arapahoe,101,28,100,ICC 101-3
Arapahoe,101,29,100,ICC 101-3
Arapahoe,101,30,100,ICC 101-3
Arapahoe,101,31,98,ICC 101-3
Arapahoe,101,32,100,ICC 101-3
Arapahoe,101,33,99,ICC 101-3
Arapahoe,101,34,100,ICC 101-3
Arapahoe,101,35,79,ICC 101-3
Arapahoe,101,36,99,ICC 101-3
Arapahoe,101,37,100,ICC 101-4
Arapahoe,101,38,100,ICC 101-4
Arapahoe,101,39,100,ICC 101-4
Arapahoe,101,40,100,ICC 101-4
Arapahoe,101,41,100,ICC 101-4
Arapahoe,101,42,100,ICC 101-4
Arapahoe,101,43,100,ICC 101-4
Arapahoe,101,44,99,ICC 101-4
Arapahoe,101,45,100,ICC 101-4
Arapahoe,101,46,100,ICC 101-4
Arapahoe,101,47,100,ICC 101-4
Arapahoe,101,48,25,ICC 101-4
Arapahoe,101,49,100,ICC 101-5
Arapahoe,101,50,99,ICC 101-5
Arapahoe,101,51,100,ICC 101-5
Arapahoe,101,52,99,ICC 101-5
Arapahoe,101,53,98,ICC 101-5
Arapahoe,101,54,100,ICC 101-5
Arapahoe,101,55,100,ICC 101-5
Arapahoe,101,56,99,ICC 101-5
Arapahoe,101,57,100,ICC 101-5
Arapahoe,101,58,100,ICC 101-5
Arapahoe,101,59,100,ICC 101-5
Arapahoe,101,60,100,ICC 101-5
Arapahoe,101,61,99,ICC 101-6
Arapahoe,101,62,98,ICC 101-6
Arapahoe,101,63,100,ICC 101-6
Arapahoe,101,64,100,ICC 101-6
Arapahoe,101,65,99,ICC 101-6
Arapahoe,101,66,100,ICC 101-6
Arapahoe,101,67,100,ICC 101-6
Arapahoe,101,68,99,ICC 101-6
Arapahoe,101,69,100,ICC 101-6
Arapahoe,101,70,37,ICC 101-6
Arapahoe,101,71,100,ICC 101-6
Arapahoe,101,72,100,ICC 101-6
Arapahoe,101,73,98,ICC 101-7
Arapahoe,101,74,99,ICC 101-7
Arapahoe,101,75,96,ICC 101-7
Arapahoe,101,76,99,ICC 101-7
Arapahoe,101,77,99,ICC 101-7
Arapahoe,101,78,100,ICC 101-7
Arapahoe,101,79,100,ICC 101-7
Arapahoe,101,80,99,ICC 101-7
Arapahoe,101,81,100,ICC 101-7
Arapahoe,101,82,100,ICC 101-7
Arapahoe,101,83,100,ICC 101-7
Arapahoe,101,84,99,ICC 101-7
Arapahoe,101,85,99,ICC 101-8
Arapahoe,101,86,100,ICC 101-8
Arapahoe,101,87,100,ICC 101-8
Arapahoe,101,88,100,ICC 101-8
Arapahoe,101,89,100,ICC 101-8
Arapahoe,101,90,100,ICC 101-8
Arapahoe,101,91,100,ICC 101-8
Arapahoe,101,92,100,ICC 101-8
Arapahoe,101,93,48,ICC 101-8
Arapahoe,101,94,100,ICC 101-8
Arapahoe,101,95,98,ICC 101-8
Arapahoe,101,96,97,ICC 101-8
Arapahoe,101,97,100,ICC 101-9
Arapahoe,101,98,100,ICC 101-9
Arapahoe,101,99,99,ICC 101-9
Arapahoe,101,100,99,ICC 101-9
Arapahoe,101,101,100,ICC 101-9
Arapahoe,101,102,100,ICC 101-9
Arapahoe,101,103,99,ICC 101-9
Arapahoe,101,104,100,ICC 101-9
Arapahoe,101,105,100,ICC 101-9
Arapahoe,101,106,100,ICC 101-9
Arapahoe,101,107,100,ICC 101-9
Arapahoe,101,108,100,ICC 101-9
Arapahoe,101,109,100,ICC 101-10
Arapahoe,101,110,100,ICC 101-10
Arapahoe,101,111,100,ICC 101-10
Arapahoe,101,112,100,ICC 101-10
Arapahoe,101,113,100,ICC 101-10
Arapahoe,101,114,100,ICC 101-10
Arapahoe,101,115,99,ICC 101-10
Arapahoe,101,116,100,ICC 101-10
Arapahoe,101,117,100,ICC 101-10
Arapahoe,101,118,100,ICC 101-10
Arapahoe,101,119,100,ICC 101-10
Arapahoe,101,120,100,ICC 101-10
Arapahoe,101,121,99,ICC 101-11
Arapahoe,101,122,100,ICC 101-11
Arapahoe,101,123,100,ICC 101-11
Arapahoe,101,124,100,ICC 101-11
Arapahoe,101,125,100,ICC 101-11
Arapahoe,101,126,100,ICC 101-11
Arapahoe,101,127,100,ICC 101-11
Arapahoe,101,128,99,ICC 101-11
Arapahoe,101,129,100,ICC 101-11
Arapahoe,101,130,99,ICC 101-11
Arapahoe,101,131,99,ICC 101-11
Arapahoe,101,132,100,ICC 101-11
Arapahoe,101,133,100,ICC 101-12
Arapahoe,101,134,100,ICC 101-12
Arapahoe,101,135,100,ICC 101-12
Arapahoe,101,136,100,ICC 101-12
Arapahoe,101,137,100,ICC 101-12
Arapahoe,101,138,100,ICC 101-12
Arapahoe,101,139,99,ICC 101-12
Arapahoe,101,140,100,ICC 101-12
Arapahoe,101,141,95,ICC 101-12
Arapahoe,101,142,103,ICC 101-12
Arapahoe,101,143,100,ICC 101-12
Arapahoe,101,144,100,ICC 101-12
Arapahoe,101,145,99,ICC 101-13
Arapahoe,101,146,100,ICC 101-13
Arapahoe,101,147,100,ICC 101-13
Arapahoe,101,148,99,ICC 101-13
Arapahoe,101,149,100,ICC 101-13
Arapahoe,101,150,99,ICC 101-13
Arapahoe,101,151,99,ICC 101-13
Arapahoe,101,152,100,ICC 101-13
Arapahoe,101,153,100,ICC 101-13
Arapahoe,101,154,99,ICC 101-13
Arapahoe,101,155,99,ICC 101-13
Arapahoe,101,156,100,ICC 101-13
Arapahoe,101,157,100,ICC 101-14
Arapahoe,101,158,100,ICC 101-14
Arapahoe,101,159,100,ICC 101-14
Arapahoe,101,160,100,ICC 101-14
Arapahoe,101,161,100,ICC 101-14
Arapahoe,101,162,99,ICC 101-14
Arapahoe,101,163,100,ICC 101-14
Arapahoe,101,164,99,ICC 101-14
Arapahoe,101,165,100,ICC 101-14
Arapahoe,101,166,99,ICC 101-14
Arapahoe,101,167,100,ICC 101-14
Arapahoe,101,168,100,ICC 101-14
Arapahoe,101,169,99,ICC 101-15
Arapahoe,101,170,100,ICC 101-15
Arapahoe,101,171,100,ICC 101-15
Arapahoe,101,172,100,ICC 101-15
Arapahoe,101,173,100,ICC 101-15
Arapahoe,101,174,100,ICC 101-15
Arapahoe,101,175,100,ICC 101-15
Arapahoe,101,176,99,ICC 101-15
Arapahoe,101,177,99,ICC 101-15
Arapahoe,101,178,100,ICC 101-15
Arapahoe,101,179,99,ICC 101-15
Arapahoe,101,180,100,ICC 101-15
Arapahoe,101,181,99,ICC 101-16
Arapahoe,101,182,100,ICC 101-16
Arapahoe,101,183,97,ICC 101-16
Arapahoe,101,184,100,ICC 101-16
Arapahoe,101,185,100,ICC 101-16
Arapahoe,101,186,35,ICC 101-16
Arapahoe,101,187,100,ICC 101-16
Arapahoe,101,188,100,ICC 101-16
Arapahoe,101,189,100,ICC 101-16
Arapahoe,101,190,100,ICC 101-16
Arapahoe,101,191,100,ICC 101-16
Arapahoe,101,192,100,ICC 101-16
Arapahoe,101,193,100,ICC 101-17
Arapahoe,101,194,100,ICC 101-17
Arapahoe,101,195,100,ICC 101-17
Arapahoe,101,196,99,ICC 101-17
Arapahoe,101,197,99,ICC 101-17
Arapahoe,101,198,100,ICC 101-17
Arapahoe,101,199,100,ICC 101-17
Arapahoe,101,200,100,ICC 101-17
Arapahoe,101,201,100,ICC 101-17
Arapahoe,101,202,100,ICC 101-17
Arapahoe,101,203,99,ICC 101-17
Arapahoe,101,204,100,ICC 101-17
Arapahoe,101,205,100,ICC 101-18
Arapahoe,101,206,100,ICC 101-18
Arapahoe,101,207,100,ICC 101-18
Arapahoe,101,208,100,ICC 101-18
Arapahoe,101,209,100,ICC 101-18
Arapahoe,101,210,99,ICC 101-18
Arapahoe,101,211,100,ICC 101-18
Arapahoe,101,212,100,ICC 101-18
Arapahoe,101,213,99,ICC 101-18
Arapahoe,101,214,100,ICC 101-18
Arapahoe,101,215,100,ICC 101-18
Arapahoe,101,216,100,ICC 101-18
Arapahoe,101,217,100,ICC 101-19
Arapahoe,101,218,93,ICC 101-19
Arapahoe,101,219,100,ICC 101-19
Arapahoe,101,220,100,ICC 101-19
Arapahoe,101,221,100,ICC 101-19
Arapahoe,101,222,100,ICC 101-19
Arapahoe,101,223,100,ICC 101-19
Arapahoe,101,224,100,ICC 101-19
Arapahoe,101,225,100,ICC 101-19
Arapahoe,102,1,100,ICC 102-1
Arapahoe,102,2,100,ICC 102-1
Arapahoe,102,3,100,ICC 102-1
Arapahoe,102,4,100,ICC 102-1
Arapahoe,102,5,100,ICC 102-1
Arapahoe,102,6,99,ICC 102-1
Arapahoe,102,7,100,ICC 102-1
Arapahoe,102,8,100,ICC 102-1
Arapahoe,102,9,100,ICC 102-1
Arapahoe,102,10,99,ICC 102-1
Arapahoe,102,11,100,ICC 102-1
Arapahoe,102,12,100,ICC 102-1
Arapahoe,102,13,100,ICC 102-2
Arapahoe,102,14,95,ICC 102-2
Arapahoe,102,15,100,ICC 102-2
Arapahoe,102,16,100,ICC 102-2
Arapahoe,102,17,100,ICC 102-2
Arapahoe,102,18,100,ICC 102-2
Arapahoe,102,19,100,ICC 102-2
Arapahoe,102,20,100,ICC 102-2
Arapahoe,102,21,100,ICC 102-2
Arapahoe,102,22,100,ICC 102-2
Arapahoe,102,23,100,ICC 102-2
Arapahoe,102,24,99,ICC 102-2
Arapahoe,102,25,100,ICC 102-3
Arapahoe,102,26,100,ICC 102-3
Arapahoe,102,27,99,ICC 102-3
Arapahoe,102,28,100,ICC 102-3
Arapahoe,102,29,100,ICC 102-3
Arapahoe,102,30,98,ICC 102-3
Arapahoe,102,31,100,ICC 102-3
Arapahoe,102,32,100,ICC 102-3
Arapahoe,102,33,100,ICC 102-3
Arapahoe,102,34,100,ICC 102-3
Arapahoe,102,35,100,ICC 102-3
Arapahoe,102,36,99,ICC 102-3
Arapahoe,102,37,99,ICC 102-4
Arapahoe,102,38,100,ICC 102-4
Arapahoe,102,39,100,ICC 102-4
Arapahoe,102,40,100,ICC 102-4
Arapahoe,102,41,100,ICC 102-4
Arapahoe,102,42,100,ICC 102-4
Arapahoe,102,43,100,ICC 102-4
Arapahoe,102,44,100,ICC 102-4
Arapahoe,102,45,99,ICC 102-4
Arapahoe,102,46,100,ICC 102-4
Arapahoe,102,47,100,ICC 102-4
Arapahoe,102,48,100,ICC 102-4
Arapahoe,102,49,100,icc 102-5
Arapahoe,102,50,96,icc 102-5
Arapahoe,102,51,100,icc 102-5
Arapahoe,102,52,98,icc 102-5
Arapahoe,102,53,101,icc 102-5
Arapahoe,102,54,99,icc 102-5
Arapahoe,102,55,100,icc 102-5
Arapahoe,102,56,100,icc 102-5
Arapahoe,102,57,99,icc 102-5
Arapahoe,102,58,100,icc 102-5
Arapahoe,102,59,100,icc 102-5
Arapahoe,102,60,99,icc 102-5
Arapahoe,102,61,99,ICC 102-6
Arapahoe,102,62,100,ICC 102-6
Arapahoe,102,63,100,ICC 102-6
Arapahoe,102,64,100,ICC 102-6
Arapahoe,102,65,100,ICC 102-6
Arapahoe,102,66,100,ICC 102-6
Arapahoe,102,67,100,ICC 102-6
Arapahoe,102,68,100,ICC 102-6
Arapahoe,102,69,99,ICC 102-6
Arapahoe,102,70,100,ICC 102-6
Arapahoe,102,71,100,ICC 102-6
Arapahoe,102,72,100,ICC 102-6
Arapahoe,102,73,100,ICC 102-7
Arapahoe,102,74,96,ICC 102-7
Arapahoe,102,75,100,ICC 102-7
Arapahoe,102,76,99,ICC 102-7
Arapahoe,102,77,100,ICC 102-7
Arapahoe,102,78,100,ICC 102-7
Arapahoe,102,79,100,ICC 102-7
Arapahoe,102,80,100,ICC 102-7
Arapahoe,102,81,100,ICC 102-7
Arapahoe,102,82,100,ICC 102-7
Arapahoe,102,83,100,ICC 102-7
Arapahoe,102,84,100,ICC 102-7
Arapahoe,102,85,100,ICC 102-8
Arapahoe,102,86,100,ICC 102-8
Arapahoe,102,87,100,ICC 102-8
Arapahoe,102,88,100,ICC 102-8
Arapahoe,102,89,100,ICC 102-8
Arapahoe,102,90,99,ICC 102-8
Arapahoe,102,91,100,ICC 102-8
Arapahoe,102,92,100,ICC 102-8
Arapahoe,102,93,100,ICC 102-8
Arapahoe,102,94,100,ICC 102-8
Arapahoe,102,95,100,ICC 102-8
Arapahoe,102,96,100,ICC 102-8
Arapahoe,102,97,100,ICC 102-9
Arapahoe,102,98,99,ICC 102-9
Arapahoe,102,99,100,ICC 102-9
Arapahoe,102,100,100,ICC 102-9
Arapahoe,102,101,100,ICC 102-9
Arapahoe,102,102,100,ICC 102-9
Arapahoe,102,103,100,ICC 102-9
Arapahoe,102,104,98,ICC 102-9
Arapahoe,102,105,100,ICC 102-9
Arapahoe,102,106,100,ICC 102-9
Arapahoe,102,107,100,ICC 102-9
Arapahoe,102,108,100,ICC 102-9
Arapahoe,102,109,100,ICC 102-10
Arapahoe,102,110,100,ICC 102-10
Arapahoe,102,111,99,ICC 102-10
Arapahoe,102,112,100,ICC 102-10
Arapahoe,102,113,100,ICC 102-10
Arapahoe,102,114,100,ICC 102-10
Arapahoe,102,115,100,ICC 102-10
Arapahoe,102,116,100,ICC 102-10
Arapahoe,102,117,100,ICC 102-10
Arapahoe,102,118,100,ICC 102-10
Arapahoe,102,119,100,ICC 102-10
Arapahoe,102,120,100,ICC 102-10
Arapahoe,102,121,100,ICC 102-11
Arapahoe,102,122,100,ICC 102-11
Arapahoe,102,123,100,ICC 102-11
Arapahoe,102,124,100,ICC 102-11
Arapahoe,102,125,100,ICC 102-11
Arapahoe,102,126,75,ICC 102-11
Arapahoe,102,127,99,ICC 102-11
Arapahoe,102,128,86,ICC 102-11
Arapahoe,102,129,100,ICC 102-11
Arapahoe,102,130,100,ICC 102-11
Arapahoe,102,131,100,ICC 102-11
Arapahoe,102,132,100,ICC 102-11
Arapahoe,102,133,99,ICC 102-12
Arapahoe,102,134,100,ICC 102-12
Arapahoe,102,135,99,ICC 102-12
Arapahoe,102,136,100,ICC 102-12
Arapahoe,102,137,100,ICC 102-12
Arapahoe,102,138,99,ICC 102-12
Arapahoe,102,139,100,ICC 102-12
Arapahoe,102,140,99,ICC 102-12
Arapahoe,102,141,98,ICC 102-12
Arapahoe,102,142,100,ICC 102-12
Arapahoe,102,143,100,ICC 102-12
Arapahoe,102,144,100,ICC 102-12
Arapahoe,102,145,100,ICC 102-13
Arapahoe,102,146,99,ICC 102-13
Arapahoe,102,147,100,ICC 102-13
Arapahoe,102,148,28,ICC 102-13
Arapahoe,102,149,100,ICC 102-13
Arapahoe,102,150,100,ICC 102-13
Arapahoe,102,151,100,ICC 102-13
Arapahoe,102,152,100,ICC 102-13
Arapahoe,102,153,100,ICC 102-13
Arapahoe,102,154,100,ICC 102-13
Arapahoe,102,155,100,ICC 102-13
Arapahoe,102,156,100,ICC 102-13
Arapahoe,102,157,100,ICC 102-14
Arapahoe,102,158,100,ICC 102-14
Arapahoe,102,159,100,ICC 102-14
Arapahoe,102,160,100,ICC 102-14
Arapahoe,102,161,100,ICC 102-14
Arapahoe,102,162,100,ICC 102-14
Arapahoe,102,163,100,ICC 102-14
Arapahoe,102,164,99,ICC 102-14
Arapahoe,102,165,100,ICC 102-14
Arapahoe,102,166,100,ICC 102-14
Arapahoe,102,167,100,ICC 102-14
Arapahoe,102,168,100,ICC 102-14
Arapahoe,102,169,99,ICC 102-15
Arapahoe,102,170,100,ICC 102-15
Arapahoe,102,171,100,ICC 102-15
Arapahoe,102,172,100,ICC 102-15
Arapahoe,102,173,100,ICC 102-15
Arapahoe,102,174,100,ICC 102-15
Arapahoe,102,175,100,ICC 102-15
Arapahoe,102,176,100,ICC 102-15
Arapahoe,102,177,100,ICC 102-15
Arapahoe,102,178,100,ICC 102-15
Arapahoe,102,179,108,ICC 102-15
Arapahoe,102,180,92,ICC 102-15
Arapahoe,102,181,100,ICC 102-16
Arapahoe,102,182,100,ICC 102-16
Arapahoe,102,183,100,ICC 102-16
Arapahoe,102,184,99,ICC 102-16
Arapahoe,102,185,100,ICC 102-16
Arapahoe,102,186,100,ICC 102-16
Arapahoe,102,187,68,ICC 102-16
Arapahoe,102,188,100,ICC 102-16
Arapahoe,102,189,100,ICC 102-16
Arapahoe,102,190,100,ICC 102-16
Arapahoe,102,191,100,ICC 102-16
Arapahoe,102,192,99,ICC 102-16
Arapahoe,102,193,100,ICC 102-17
Arapahoe,102,194,100,ICC 102-17
Arapahoe,102,195,100,ICC 102-17
Arapahoe,102,196,100,ICC 102-17
Arapahoe,102,197,100,ICC 102-17
Arapahoe,102,198,100,ICC 102-17
Arapahoe,102,199,100,ICC 102-17
Arapahoe,102,200,100,ICC 102-17
Arapahoe,102,201,100,ICC 102-17
Arapahoe,102,202,100,ICC 102-17
Arapahoe,102,203,100,ICC 102-17
Arapahoe,102,204,100,ICC 102-17
Arapahoe,102,205,100,ICC 102-18
Arapahoe,102,206,100,ICC 102-18
Arapahoe,102,207,100,ICC 102-18
Arapahoe,102,208,100,ICC 102-18
Arapahoe,102,209,100,ICC 102-18
Arapahoe,102,210,100,ICC 102-18
Arapahoe,102,211,100,ICC 102-18
Arapahoe,102,212,100,ICC 102-18
Arapahoe,102,213,100,ICC 102-18
Arapahoe,102,214,100,ICC 102-18
Arapahoe,102,215,100,ICC 102-18
Arapahoe,102,216,98,ICC 102-18
Arapahoe,102,217,100,ICC 102-19
Arapahoe,102,218,53,ICC 102-19
Arapahoe,102,219,100,ICC 102-19
Arapahoe,102,220,100,ICC 102-19
Arapahoe,102,221,100,ICC 102-19
Arapahoe,102,222,100,ICC 102-19
Arapahoe,102,223,100,ICC 102-19
Arapahoe,102,224,100,ICC 102-19
Arapahoe,102,225,100,ICC 102-19
Arapahoe,102,226,100,ICC 102-19
Arapahoe,102,227,38,ICC 102-19
Arapahoe,102,228,100,ICC 102-19
Arapahoe,102,229,100,ICC 102-20
Arapahoe,102,230,100,ICC 102-20
Arapahoe,102,231,100,ICC 102-20
Arapahoe,102,232,100,ICC 102-20
Arapahoe,102,233,100,ICC 102-20
Arapahoe,102,234,100,ICC 102-20
Arapahoe,102,235,100,ICC 102-20
Arapahoe,102,236,100,ICC 102-20
Arapahoe,102,237,99,ICC 102-20
Arapahoe,102,238,100,ICC 102-20
Arapahoe,102,239,100,ICC 102-20
Arapahoe,102,240,100,ICC 102-20
Arapahoe,102,241,100,ICC 102-21
Arapahoe,102,242,100,ICC 102-21
Arapahoe,102,243,100,ICC 102-21
Arapahoe,102,244,100,ICC 102-21
Arapahoe,102,245,100,ICC 102-21
Arapahoe,102,246,100,ICC 102-21
Arapahoe,102,247,100,ICC 102-21
Arapahoe,102,248,100,ICC 102-21
Arapahoe,102,249,100,ICC 102-21
Arapahoe,102,250,100,ICC 102-21
Arapahoe,102,251,100,ICC 102-21
Arapahoe,102,252,100,ICC 102-21
Arapahoe,102,253,100,ICC 102-22
Arapahoe,102,254,100,ICC 102-22
Arapahoe,102,255,100,ICC 102-22
Arapahoe,102,256,100,ICC 102-22
Arapahoe,102,257,100,ICC 102-22
Arapahoe,102,258,99,ICC 102-22
Arapahoe,102,259,100,ICC 102-22
Arapahoe,102,260,100,ICC 102-22
Arapahoe,102,261,100,ICC 102-22
Arapahoe,102,262,100,ICC 102-22
Arapahoe,102,263,100,ICC 102-22
Arapahoe,102,264,100,ICC 102-22
Arapahoe,102,265,100,ICC 102-23
Arapahoe,102,266,100,ICC 102-23
Arapahoe,102,267,100,ICC 102-23
Arapahoe,102,268,100,ICC 102-23
Arapahoe,102,269,100,ICC 102-23
Arapahoe,102,270,100,ICC 102-23
Arapahoe,102,271,100,ICC 102-23
Arapahoe,102,272,100,ICC 102-23
Arapahoe,102,273,100,ICC 102-23
Arapahoe,102,274,100,ICC 102-23
Arapahoe,102,275,100,ICC 102-23
Arapahoe,102,276,100,ICC 102-23
Arapahoe,102,277,100,ICC 102-24
Arapahoe,102,278,100,ICC 102-24
Arapahoe,102,279,99,ICC 102-24
Arapahoe,102,280,100,ICC 102-24
Arapahoe,102,281,100,ICC 102-24
Arapahoe,102,282,100,ICC 102-24
Arapahoe,102,283,100,ICC 102-24
Arapahoe,102,284,100,ICC 102-24
Arapahoe,102,285,99,ICC 102-24
Arapahoe,102,286,97,ICC 102-24
Arapahoe,102,287,100,ICC 102-24
Arapahoe,102,288,100,ICC 102-24
Arapahoe,102,289,100,ICC 102-25
Arapahoe,102,290,100,ICC 102-25
Arapahoe,102,291,99,ICC 102-25
Arapahoe,102,292,100,ICC 102-25
Arapahoe,102,293,100,ICC 102-25
Arapahoe,102,294,100,ICC 102-25
Arapahoe,102,295,100,ICC 102-25
Arapahoe,102,296,98,ICC 102-25
Arapahoe,102,297,99,ICC 102-25
Arapahoe,102,298,100,ICC 102-25
Arapahoe,102,299,100,ICC 102-25
Arapahoe,102,300,100,ICC 102-25
Arapahoe,102,301,100,ICC 102-26
Arapahoe,102,302,99,ICC 102-26
Arapahoe,102,303,100,ICC 102-26
Arapahoe,102,304,100,ICC 102-26
Arapahoe,102,305,99,ICC 102-26
Arapahoe,102,306,100,ICC 102-26
Arapahoe,102,307,97,ICC 102-26
Arapahoe,102,308,100,ICC 102-26
Arapahoe,102,309,100,ICC 102-26
Arapahoe,102,310,100,ICC 102-26
Arapahoe,102,311,98,ICC 102-26
Arapahoe,104,1,99,ICC 104-1
Arapahoe,104,2,100,ICC 104-1
Arapahoe,104,3,100,ICC 104-1
Arapahoe,104,4,99,ICC 104-1
Arapahoe,104,5,100,ICC 104-1
Arapahoe,104,6,100,ICC 104-1
Arapahoe,104,7,100,ICC 104-1
Arapahoe,104,8,100,ICC 104-1
Arapahoe,104,9,100,ICC 104-1
Arapahoe,104,10,100,ICC 104-1
Arapahoe,104,11,100,ICC 104-1
Arapahoe,104,12,100,ICC 104-1
Arapahoe,104,13,100,ICC 104-2
Arapahoe,104,14,100,ICC 104-2
Arapahoe,104,15,100,ICC 104-2
Arapahoe,104,16,100,ICC 104-2
Arapahoe,104,17,100,ICC 104-2
Arapahoe,104,18,100,ICC 104-2
Arapahoe,104,19,100,ICC 104-2
Arapahoe,104,20,100,ICC 104-2
Arapahoe,104,21,100,ICC 104-2
Arapahoe,104,22,100,ICC 104-2
Arapahoe,104,23,100,ICC 104-2
Arapahoe,104,24,100,ICC 104-2
Arapahoe,104,25,99,ICC 104-3
Arapahoe,104,26,100,ICC 104-3
Arapahoe,104,27,100,ICC 104-3
Arapahoe,104,28,100,ICC 104-3
Arapahoe,104,29,100,ICC 104-3
Arapahoe,104,30,100,ICC 104-3
Arapahoe,104,31,100,ICC 104-3
Arapahoe,104,32,100,ICC 104-3
Arapahoe,104,33,99,ICC 104-3
Arapahoe,104,34,99,ICC 104-3
Arapahoe,104,35,96,ICC 104-3
Arapahoe,104,36,103,ICC 104-3
Arapahoe,104,37,100,ICC 104-4
Arapahoe,104,38,100,ICC 104-4
Arapahoe,104,39,100,ICC 104-4
Arapahoe,104,40,100,ICC 104-4
Arapahoe,104,41,100,ICC 104-4
Arapahoe,104,42,99,ICC 104-4
Arapahoe,104,43,100,ICC 104-4
Arapahoe,104,44,99,ICC 104-4
Arapahoe,104,45,62,ICC 104-4
Arapahoe,104,46,100,ICC 104-4
Arapahoe,104,47,100,ICC 104-4
Arapahoe,104,48,98,ICC 104-4
Arapahoe,104,49,99,icc 104-5
Arapahoe,104,50,99,icc 104-5
Arapahoe,104,51,100,icc 104-5
Arapahoe,104,52,100,icc 104-5
Arapahoe,104,53,99,icc 104-5
Arapahoe,104,54,100,icc 104-5
Arapahoe,104,55,100,icc 104-5
Arapahoe,104,56,100,icc 104-5
Arapahoe,104,57,99,icc 104-5
Arapahoe,104,58,99,icc 104-5
Arapahoe,104,59,100,icc 104-5
Arapahoe,104,60,100,icc 104-5
Arapahoe,104,61,98,ICC 104-6
Arapahoe,104,62,100,ICC 104-6
Arapahoe,104,63,100,ICC 104-6
Arapahoe,104,64,100,ICC 104-6
Arapahoe,104,65,96,ICC 104-6
Arapahoe,104,66,103,ICC 104-6
Arapahoe,104,67,99,ICC 104-6
Arapahoe,104,68,100,ICC 104-6
Arapahoe,104,69,100,ICC 104-6
Arapahoe,104,70,98,ICC 104-6
Arapahoe,104,71,100,ICC 104-6
Arapahoe,104,72,100,ICC 104-6
Arapahoe,104,73,98,ICC 104-7
Arapahoe,104,74,100,ICC 104-7
Arapahoe,104,75,100,ICC 104-7
Arapahoe,104,76,100,ICC 104-7
Arapahoe,104,77,100,ICC 104-7
Arapahoe,104,78,100,ICC 104-7
Arapahoe,104,79,100,ICC 104-7
Arapahoe,104,80,100,ICC 104-7
Arapahoe,104,81,100,ICC 104-7
Arapahoe,104,82,100,ICC 104-7
Arapahoe,104,83,100,ICC 104-7
Arapahoe,104,84,100,ICC 104-7
Arapahoe,104,85,12,ICC 104-8
Arapahoe,104,86,99,ICC 104-8
Arapahoe,104,87,100,ICC 104-8
Arapahoe,104,88,100,ICC 104-8
Arapahoe,104,89,100,ICC 104-8
Arapahoe,104,90,99,ICC 104-8
Arapahoe,104,91,100,ICC 104-8
Arapahoe,104,92,100,ICC 104-8
Arapahoe,104,93,97,ICC 104-8
Arapahoe,104,94,100,ICC 104-8
Arapahoe,104,95,99,ICC 104-8
Arapahoe,104,96,100,ICC 104-8
Arapahoe,104,97,100,ICC 104-9
Arapahoe,104,98,100,ICC 104-9
Arapahoe,104,99,100,ICC 104-9
Arapahoe,104,100,100,ICC 104-9
Arapahoe,104,101,100,ICC 104-9
Arapahoe,104,102,100,ICC 104-9
Arapahoe,104,103,100,ICC 104-9
Arapahoe,104,104,99,ICC 104-9
Arapahoe,104,105,100,ICC 104-9
Arapahoe,104,106,100,ICC 104-9
Arapahoe,104,107,100,ICC 104-9
Arapahoe,104,108,100,ICC 104-9
Arapahoe,104,109,100,ICC 104-10
Arapahoe,104,110,100,ICC 104-10
Arapahoe,104,111,100,ICC 104-10
Arapahoe,104,112,100,ICC 104-10
Arapahoe,104,113,100,ICC 104-10
Arapahoe,104,114,100,ICC 104-10
Arapahoe,104,115,100,ICC 104-10
Arapahoe,104,116,100,ICC 104-10
Arapahoe,104,117,99,ICC 104-10
Arapahoe,104,118,100,ICC 104-10
Arapahoe,104,119,99,ICC 104-10
Arapahoe,104,120,100,ICC 104-10
Arapahoe,104,121,100,ICC 104-11
Arapahoe,104,122,100,ICC 104-11
Arapahoe,104,123,100,ICC 104-11
Arapahoe,104,124,100,ICC 104-11
Arapahoe,104,125,100,ICC 104-11
Arapahoe,104,126,100,ICC 104-11
Arapahoe,104,127,100,ICC 104-11
Arapahoe,104,128,99,ICC 104-11
Arapahoe,104,129,100,ICC 104-11
Arapahoe,104,130,99,ICC 104-11
Arapahoe,104,131,100,ICC 104-11
Arapahoe,104,132,100,ICC 104-11
Arapahoe,104,133,100,ICC 104-12
Arapahoe,104,134,100,ICC 104-12
Arapahoe,104,135,99,ICC 104-12
Arapahoe,104,136,100,ICC 104-12
Arapahoe,104,137,99,ICC 104-12
Arapahoe,104,138,100,ICC 104-12
Arapahoe,104,139,100,ICC 104-12
Arapahoe,104,140,100,ICC 104-12
Arapahoe,104,141,100,ICC 104-12
Arapahoe,104,142,100,ICC 104-12
Arapahoe,104,143,99,ICC 104-12
Arapahoe,104,144,98,ICC 104-12
Arapahoe,104,145,99,ICC 104-13
Arapahoe,104,146,100,ICC 104-13
Arapahoe,104,147,100,ICC 104-13
Arapahoe,104,148,100,ICC 104-13
Arapahoe,104,149,100,ICC 104-13
Arapahoe,104,150,100,ICC 104-13
Arapahoe,104,151,100,ICC 104-13
Arapahoe,104,152,100,ICC 104-13
Arapahoe,104,153,100,ICC 104-13
Arapahoe,104,154,100,ICC 104-13
Arapahoe,104,155,100,ICC 104-13
Arapahoe,104,156,100,ICC 104-13
Arapahoe,104,157,100,ICC 104-14
Arapahoe,104,158,100,ICC 104-14
Arapahoe,104,159,100,ICC 104-14
Arapahoe,104,160,100,ICC 104-14
Arapahoe,104,161,100,ICC 104-14
Arapahoe,104,162,100,ICC 104-14
Arapahoe,104,163,100,ICC 104-14
Arapahoe,104,164,100,ICC 104-14
Arapahoe,104,165,100,ICC 104-14
Arapahoe,104,166,99,ICC 104-14
Arapahoe,104,167,100,ICC 104-14
Arapahoe,104,168,100,ICC 104-14
Arapahoe,104,169,99,ICC 104-15
Arapahoe,104,170,100,ICC 104-15
Arapahoe,104,171,100,ICC 104-15
Arapahoe,104,172,100,ICC 104-15
Arapahoe,104,173,100,ICC 104-15
Arapahoe,104,174,100,ICC 104-15
Arapahoe,104,175,100,ICC 104-15
Arapahoe,104,176,100,ICC 104-15
Arapahoe,104,177,92,ICC 104-15
Arapahoe,104,178,100,ICC 104-15
Arapahoe,104,179,100,ICC 104-15
Arapahoe,104,180,100,ICC 104-15
Arapahoe,104,181,100,ICC 104-16
Arapahoe,104,182,100,ICC 104-16
Arapahoe,104,183,99,ICC 104-16
Arapahoe,104,184,100,ICC 104-16
Arapahoe,104,185,100,ICC 104-16
Arapahoe,104,186,100,ICC 104-16
Arapahoe,104,187,99,ICC 104-16
Arapahoe,104,188,100,ICC 104-16
Arapahoe,104,189,100,ICC 104-16
Arapahoe,104,190,100,ICC 104-16
Arapahoe,104,191,100,ICC 104-16
Arapahoe,104,192,100,ICC 104-16
Arapahoe,104,193,50,ICC 104-17
Arapahoe,104,194,50,ICC 104-17
Arapahoe,104,195,98,ICC 104-17
Arapahoe,104,196,100,ICC 104-17
Arapahoe,104,197,100,ICC 104-17
Arapahoe,104,198,100,ICC 104-17
Arapahoe,104,199,99,ICC 104-17
Arapahoe,104,200,100,ICC 104-17
Arapahoe,104,201,100,ICC 104-17
Arapahoe,104,202,100,ICC 104-17
Arapahoe,104,203,100,ICC 104-17
Arapahoe,104,204,100,ICC 104-17
Arapahoe,104,205,100,ICC 104-18
Arapahoe,104,206,100,ICC 104-18
Arapahoe,104,207,100,ICC 104-18
Arapahoe,104,208,100,ICC 104-18
Arapahoe,104,209,100,ICC 104-18
Arapahoe,104,210,100,ICC 104-18
Arapahoe,104,211,100,ICC 104-18
Arapahoe,104,212,100,ICC 104-18
Arapahoe,104,213,100,ICC 104-18
Arapahoe,104,214,100,ICC 104-18
Arapahoe,104,215,100,ICC 104-18
Arapahoe,104,216,100,ICC 104-18
Arapahoe,104,217,100,ICC 104-19
Arapahoe,104,218,100,ICC 104-19
Arapahoe,104,219,99,ICC 104-19
Arapahoe,104,220,100,ICC 104-19
Arapahoe,104,221,100,ICC 104-19
Arapahoe,104,222,100,ICC 104-19
Arapahoe,104,223,100,ICC 104-19
Arapahoe,104,224,100,ICC 104-19
Arapahoe,104,225,100,ICC 104-19
Arapahoe,104,226,99,ICC 104-19
Arapahoe,104,227,100,ICC 104-19
Arapahoe,104,228,99,ICC 104-19
Arapahoe,104,229,100,ICC 104-20
Arapahoe,104,230,100,ICC 104-20
Arapahoe,104,231,100,ICC 104-20
Arapahoe,104,232,99,ICC 104-20
Arapahoe,104,233,100,ICC 104-20
Arapahoe,104,234,100,ICC 104-20
Arapahoe,104,235,100,ICC 104-20
Arapahoe,104,236,100,ICC 104-20
Arapahoe,104,237,100,ICC 104-20
Arapahoe,104,238,100,ICC 104-20
Arapahoe,104,239,99,ICC 104-20
Arapahoe,104,240,100,ICC 104-20
Arapahoe,104,241,100,ICC 104-21
Arapahoe,104,242,99,ICC 104-21
Arapahoe,104,243,100,ICC 104-21
Arapahoe,104,244,100,ICC 104-21
Arapahoe,104,245,100,ICC 104-21
Arapahoe,104,246,100,ICC 104-21
Arapahoe,104,247,100,ICC 104-21
Arapahoe,104,248,100,ICC 104-21
Arapahoe,104,249,100,ICC 104-21
Arapahoe,104,250,100,ICC 104-21
Arapahoe,104,251,99,ICC 104-21
Arapahoe,104,252,100,ICC 104-21
Arapahoe,104,253,100,ICC 104-22
Arapahoe,104,254,100,ICC 104-22
Arapahoe,104,255,100,ICC 104-22
Arapahoe,104,256,99,ICC 104-22
Arapahoe,104,257,99,ICC 104-22
Arapahoe,104,258,100,ICC 104-22
Arapahoe,104,259,99,ICC 104-22
Arapahoe,104,260,100,ICC 104-22
Arapahoe,104,261,100,ICC 104-22
Arapahoe,104,262,99,ICC 104-22
Arapahoe,104,263,100,ICC 104-22
Arapahoe,104,264,100,ICC 104-22
Arapahoe,104,265,100,ICC 104-23
Arapahoe,104,266,100,ICC 104-23
Arapahoe,104,267,100,ICC 104-23
Arapahoe,104,268,100,ICC 104-23
Arapahoe,104,269,99,ICC 104-23
Arapahoe,104,270,98,ICC 104-23
Arapahoe,104,271,100,ICC 104-23
Arapahoe,104,272,100,ICC 104-23
Arapahoe,104,273,100,ICC 104-23
Arapahoe,104,274,100,ICC 104-23
Arapahoe,104,275,100,ICC 104-23
Arapahoe,104,276,100,ICC 104-23
Arapahoe,104,277,100,ICC 104-24
Arapahoe,104,278,100,ICC 104-24
Arapahoe,104,279,100,ICC 104-24
Arapahoe,104,280,99,ICC 104-24
Arapahoe,104,281,100,ICC 104-24
Arapahoe,104,282,100,ICC 104-24
Arapahoe,104,283,100,ICC 104-24
Arapahoe,104,284,100,ICC 104-24
Arapahoe,104,285,99,ICC 104-24
Arapahoe,104,286,100,ICC 104-24
Arapahoe,104,287,100,ICC 104-24
Arapahoe,104,288,99,ICC 104-24
Arapahoe,104,289,100,ICC 104-25
Arapahoe,104,290,99,ICC 104-25
Arapahoe,104,291,100,ICC 104-25
Arapahoe,104,292,100,ICC 104-25
Arapahoe,104,293,100,ICC 104-25
Arapahoe,104,294,100,ICC 104-25
Arapahoe,104,295,100,ICC 104-25
Arapahoe,104,296,100,ICC 104-25
Arapahoe,104,297,100,ICC 104-25
Arapahoe,104,298,98,ICC 104-25
Arapahoe,104,299,100,ICC 104-25
Arapahoe,104,300,100,ICC 104-25
Arapahoe,104,301,100,ICC 104-26
Arapahoe,104,302,100,ICC 104-26
Arapahoe,104,303,100,ICC 104-26
Arapahoe,104,304,100,ICC 104-26
Arapahoe,104,305,100,ICC 104-26
Arapahoe,104,306,100,ICC 104-26
Arapahoe,104,307,100,ICC 104-26
Arapahoe,104,308,100,ICC 104-26
Arapahoe,104,309,100,ICC 104-26
Arapahoe,104,310,100,ICC 104-26
Arapahoe,104,311,100,ICC 104-26
Arapahoe,104,312,100,ICC 104-26
Arapahoe,104,313,86,ICC 104-27
Arapahoe,104,314,100,ICC 104-27
Arapahoe,104,315,100,ICC 104-27
Arapahoe,104,316,99,ICC 104-27
Arapahoe,104,317,99,ICC 104-27
Arapahoe,104,318,100,ICC 104-27
Arapahoe,104,319,99,ICC 104-27
Arapahoe,104,320,100,ICC 104-27
Arapahoe,104,321,100,ICC 104-27
Arapahoe,104,322,98,ICC 104-27
Arapahoe,104,323,98,ICC 104-27
Arapahoe,104,324,100,ICC 104-27
Arapahoe,104,325,100,ICC 104-28
Arapahoe,104,326,100,ICC 104-28
Arapahoe,104,327,100,ICC 104-28
Arapahoe,104,328,100,ICC 104-28
Arapahoe,104,329,99,ICC 104-28
Arapahoe,104,330,100,ICC 104-28
Arapahoe,104,331,100,ICC 104-28
Arapahoe,104,332,100,ICC 104-28
Arapahoe,104,333,100,ICC 104-28
Arapahoe,104,334,100,ICC 104-28
Arapahoe,104,335,100,ICC 104-28
Arapahoe,104,336,100,ICC 104-28
Arapahoe,104,337,99,ICC 104-29
Arapahoe,104,338,100,ICC 104-29
Arapahoe,104,339,100,ICC 104-29
Arapahoe,104,340,100,ICC 104-29
Arapahoe,104,341,100,ICC 104-29
Arapahoe,104,342,99,ICC 104-29
Arapahoe,104,343,100,ICC 104-29
Arapahoe,104,344,100,ICC 104-29
Arapahoe,104,345,100,ICC 104-29
Arapahoe,104,346,100,ICC 104-29
Arapahoe,104,347,100,ICC 104-29
Arapahoe,104,348,100,ICC 104-29
Arapahoe,104,349,100,ICC 104-30
Arapahoe,104,350,100,ICC 104-30
Arapahoe,104,351,99,ICC 104-30
Arapahoe,104,352,100,ICC 104-30
Arapahoe,104,353,100,ICC 104-30
Arapahoe,104,354,100,ICC 104-30
Arapahoe,104,355,99,ICC 104-30
Arapahoe,104,356,99,ICC 104-30
Arapahoe,104,357,100,ICC 104-30
Arapahoe,104,358,100,ICC 104-30
Arapahoe,104,359,100,ICC 104-30
Arapahoe,104,360,100,ICC 104-30
Arapahoe,104,361,100,ICC 104-31
Arapahoe,104,362,100,ICC 104-31
Arapahoe,104,363,100,ICC 104-31
Arapahoe,104,364,100,ICC 104-31
Arapahoe,104,365,100,ICC 104-31
Arapahoe,104,366,99,ICC 104-31
Arapahoe,104,367,5,ICC 104-31
Arapahoe,104,368,95,ICC 104-31
Arapahoe,104,369,100,ICC 104-31
Arapahoe,104,370,100,ICC 104-31
Arapahoe,104,371,100,ICC 104-31
Arapahoe,104,372,100,ICC 104-31
Arapahoe,104,373,100,ICC 104-32
Arapahoe,104,374,100,ICC 104-32
Arapahoe,104,375,99,ICC 104-32
Arapahoe,104,376,99,ICC 104-32
Arapahoe,104,377,100,ICC 104-32
Arapahoe,104,378,100,ICC 104-32
Arapahoe,104,379,100,ICC 104-32
Arapahoe,104,380,100,ICC 104-32
Arapahoe,104,381,100,ICC 104-32
Arapahoe,104,382,100,ICC 104-32
Arapahoe,104,383,98,ICC 104-32
Arapahoe,104,384,100,ICC 104-32
Arapahoe,104,385,99,ICC 104-33
Arapahoe,104,386,100,ICC 104-33
Arapahoe,104,387,100,ICC 104-33
Arapahoe,104,388,100,ICC 104-33
Arapahoe,104,389,100,ICC 104-33
Arapahoe,104,390,100,ICC 104-33
Arapahoe,104,391,100,ICC 104-33
Arapahoe,104,392,100,ICC 104-33
Arapahoe,104,393,100,ICC 104-33
Arapahoe,104,394,99,ICC 104-33
Arapahoe,104,395,100,ICC 104-33
Arapahoe,104,396,100,ICC 104-33
Arapahoe,105,1,100,ICC 105-1
Arapahoe,105,2,100,ICC 105-1
Arapahoe,105,3,100,ICC 105-1
Arapahoe,105,4,100,ICC 105-1
Arapahoe,105,5,94,ICC 105-1
Arapahoe,105,6,100,icc 105-1
Arapahoe,105,7,100,icc 105-1
Arapahoe,105,8,100,icc 105-1
Arapahoe,105,9,100,icc 105-1
Arapahoe,105,10,99,icc 105-1
Arapahoe,105,11,100,icc 105-1
Arapahoe,105,12,98,icc 105-1
Arapahoe,105,13,100,ICC 105-2
Arapahoe,105,14,100,ICC 105-2
Arapahoe,105,15,100,ICC 105-2
Arapahoe,105,16,100,ICC 105-2
Arapahoe,105,17,99,ICC 105-2
Arapahoe,105,18,100,ICC 105-2
Arapahoe,105,19,99,ICC 105-2
Arapahoe,105,20,100,ICC 105-2
Arapahoe,105,21,100,ICC 105-2
Arapahoe,105,22,100,ICC 105-2
Arapahoe,105,23,99,ICC 105-2
Arapahoe,105,24,100,ICC 105-2
Arapahoe,105,25,100,ICC 105-3
Arapahoe,105,26,96,ICC 105-3
Arapahoe,105,27,100,ICC 105-3
Arapahoe,105,28,100,ICC 105-3
Arapahoe,105,29,100,ICC 105-3
Arapahoe,105,30,100,ICC 105-3
Arapahoe,105,31,100,ICC 105-3
Arapahoe,105,32,99,ICC 105-3
Arapahoe,105,33,100,ICC 105-3
Arapahoe,105,34,99,ICC 105-3
Arapahoe,105,35,100,ICC 105-3
Arapahoe,105,36,100,ICC 105-3
Arapahoe,105,37,100,ICC 105-4
Arapahoe,105,38,100,ICC 105-4
Arapahoe,105,39,100,ICC 105-4
Arapahoe,105,40,100,ICC 105-4
Arapahoe,105,41,100,ICC 105-4
Arapahoe,105,42,100,ICC 105-4
Arapahoe,105,43,100,ICC 105-4
Arapahoe,105,44,100,ICC 105-4
Arapahoe,105,45,100,ICC 105-4
Arapahoe,105,46,100,ICC 105-4
Arapahoe,105,47,100,ICC 105-4
Arapahoe,105,48,100,ICC 105-4
Arapahoe,105,49,100,ICC 105-5
Arapahoe,105,50,52,ICC 105-5
Arapahoe,105,51,99,ICC 105-5
Arapahoe,105,52,100,ICC 105-5
Arapahoe,105,53,100,ICC 105-5
Arapahoe,105,54,100,ICC 105-5
Arapahoe,105,55,100,ICC 105-5
Arapahoe,105,56,100,ICC 105-5
Arapahoe,105,57,100,ICC 105-5
Arapahoe,105,58,100,ICC 105-5
Arapahoe,105,59,99,ICC 105-5
Arapahoe,105,60,100,ICC 105-5
Arapahoe,105,61,99,ICC 105-6
Arapahoe,105,62,99,ICC 105-6
Arapahoe,105,63,100,ICC 105-6
Arapahoe,105,64,100,ICC 105-6
Arapahoe,105,65,100,ICC 105-6
Arapahoe,105,66,100,ICC 105-6
Arapahoe,105,67,100,ICC 105-6
Arapahoe,105,68,100,ICC 105-6
Arapahoe,105,69,99,ICC 105-6
Arapahoe,105,70,100,ICC 105-6
Arapahoe,105,71,70,ICC 105-6
Arapahoe,105,72,100,ICC 105-6
Arapahoe,105,73,99,ICC 105-7
Arapahoe,105,74,100,ICC 105-7
Arapahoe,105,75,100,ICC 105-7
Arapahoe,105,76,99,ICC 105-7
Arapahoe,105,77,100,ICC 105-7
Arapahoe,105,78,100,ICC 105-7
Arapahoe,105,79,100,ICC 105-7
Arapahoe,105,80,100,ICC 105-7
Arapahoe,105,81,100,ICC 105-7
Arapahoe,105,82,99,ICC 105-7
Arapahoe,105,83,99,ICC 105-7
Arapahoe,105,84,100,ICC 105-7
Arapahoe,106,1,100,ICC 106-1
Arapahoe,106,2,100,ICC 106-1
Arapahoe,106,3,100,ICC 106-1
Arapahoe,106,4,100,ICC 106-1
Arapahoe,106,5,2,ICC 106-1
Arapahoe,106,6,97,ICC 106-1
Arapahoe,106,7,99,ICC 106-1
Arapahoe,106,8,100,ICC 106-1
Arapahoe,106,9,100,ICC 106-1
Arapahoe,106,10,100,ICC 106-1
Arapahoe,106,11,100,ICC 106-1
Arapahoe,106,12,100,ICC 106-1
Arapahoe,106,13,90,ICC 106-2
Arapahoe,106,14,100,ICC 106-2
Arapahoe,106,15,99,ICC 106-2
Arapahoe,106,16,100,ICC 106-2
Arapahoe,106,17,77,ICC 106-2
Arapahoe,106,18,100,ICC 106-2
Arapahoe,106,19,100,ICC 106-2
Arapahoe,106,20,99,ICC 106-2
Arapahoe,106,21,98,ICC 106-2
Arapahoe,106,22,99,ICC 106-2
Arapahoe,106,23,100,ICC 106-2
Arapahoe,106,24,100,ICC 106-2
Arapahoe,106,25,85,ICC 106-3
Arapahoe,106,26,100,icc 106-3
Arapahoe,106,27,100,icc 106-3
Arapahoe,106,28,100,icc 106-3
Arapahoe,106,29,100,icc 106-3
Arapahoe,106,30,99,icc 106-3
Arapahoe,106,31,100,icc 106-3
Arapahoe,106,32,99,icc 106-3
Arapahoe,106,33,100,icc 106-3
Arapahoe,106,34,100,icc 106-3
Arapahoe,106,35,100,icc 106-3
Arapahoe,106,36,100,icc 106-3
Arapahoe,106,37,100,ICC 106-4
Arapahoe,106,38,100,ICC 106-4
Arapahoe,106,39,99,ICC 106-4
Arapahoe,106,40,100,ICC 106-4
Arapahoe,106,41,100,ICC 106-4
Arapahoe,106,42,100,ICC 106-4
Arapahoe,106,43,100,ICC 106-4
Arapahoe,106,44,100,ICC 106-4
Arapahoe,106,45,100,ICC 106-4
Arapahoe,106,46,100,ICC 106-4
Arapahoe,106,47,100,ICC 106-4
Arapahoe,106,48,99,ICC 106-4
Arapahoe,106,49,99,ICC 106-5
Arapahoe,106,50,99,ICC 106-5
Arapahoe,106,51,100,ICC 106-5
Arapahoe,106,52,100,ICC 106-5
Arapahoe,106,53,18,ICC 106-5
Arapahoe,106,54,100,ICC 106-5
Arapahoe,106,55,100,ICC 106-5
Arapahoe,106,56,98,ICC 106-5
Arapahoe,106,57,100,ICC 106-5
Arapahoe,106,58,100,ICC 106-5
Arapahoe,106,59,100,ICC 106-5
Arapahoe,106,60,100,ICC 106-5
Arapahoe,106,61,100,ICC 106-6
Arapahoe,106,62,100,ICC 106-6
Arapahoe,106,63,100,ICC 106-6
Arapahoe,106,64,100,ICC 106-6
Arapahoe,106,65,100,ICC 106-6
Arapahoe,106,66,99,ICC 106-6
Arapahoe,106,67,100,ICC 106-6
Arapahoe,106,68,100,ICC 106-6
Arapahoe,106,69,100,ICC 106-6
Arapahoe,106,70,100,ICC 106-6
Arapahoe,106,71,100,ICC 106-6
Arapahoe,106,72,100,ICC 106-6
Arapahoe,106,73,100,ICC 106-7
Arapahoe,106,74,100,ICC 106-7
Arapahoe,106,75,100,ICC 106-7
Arapahoe,106,76,100,ICC 106-7
Arapahoe,106,77,100,ICC 106-7
Arapahoe,106,78,100,ICC 106-7
Arapahoe,106,79,150,ICC 106-7
Arapahoe,106,80,100,ICC 106-7
Arapahoe,106,81,100,ICC 106-7
Arapahoe,106,82,99,ICC 106-7
Arapahoe,106,83,100,ICC 106-7
Arapahoe,106,84,97,ICC 106-7
Arapahoe,106,85,100,ICC 106-8
Arapahoe,106,86,100,ICC 106-8
Arapahoe,106,87,100,ICC 106-8
Arapahoe,106,88,100,ICC 106-8
Arapahoe,106,89,100,ICC 106-8
Arapahoe,106,90,99,ICC 106-8
Arapahoe,106,91,99,ICC 106-8
Arapahoe,106,92,100,ICC 106-8
Arapahoe,106,93,100,ICC 106-8
Arapahoe,106,94,100,ICC 106-8
Arapahoe,106,95,98,ICC 106-8
Arapahoe,106,96,100,ICC 106-8
Arapahoe,106,97,100,ICC 106-9
Arapahoe,106,98,100,ICC 106-9
Arapahoe,106,99,100,ICC 106-9
Arapahoe,106,100,99,ICC 106-9
Arapahoe,106,101,100,ICC 106-9
Arapahoe,106,102,100,ICC 106-9
Arapahoe,106,103,98,ICC 106-9
Arapahoe,106,104,61,ICC 106-9
Arapahoe,106,105,99,ICC 106-9
Arapahoe,106,106,100,ICC 106-9
Arapahoe,106,107,98,ICC 106-9
Arapahoe,106,108,99,ICC 106-9
Arapahoe,106,109,98,ICC 106-10
Arapahoe,106,110,100,ICC 106-10
Arapahoe,106,111,100,ICC 106-10
Arapahoe,106,112,99,ICC 106-10
Arapahoe,106,113,100,ICC 106-10
Arapahoe,106,114,100,ICC 106-10
Arapahoe,106,115,100,ICC 106-10
Arapahoe,106,116,100,ICC 106-10
Arapahoe,106,117,98,ICC 106-10
Arapahoe,106,118,100,ICC 106-10
Arapahoe,106,119,100,ICC 106-10
Arapahoe,106,120,100,ICC 106-10
Arapahoe,106,121,100,ICC 106-11
Arapahoe,106,122,100,ICC 106-11
Arapahoe,106,123,100,ICC 106-11
Arapahoe,106,124,99,ICC 106-11
Arapahoe,106,125,100,ICC 106-11
Arapahoe,106,126,100,ICC 106-11
Arapahoe,106,127,99,ICC 106-11
Arapahoe,106,128,99,ICC 106-11
Arapahoe,106,129,99,ICC 106-11
Arapahoe,106,130,73,ICC 106-11
Arapahoe,106,131,100,ICC 106-11
Arapahoe,106,132,99,ICC 106-11
Arapahoe,106,133,100,ICC 106-12
Arapahoe,106,134,100,ICC 106-12
Arapahoe,106,135,100,ICC 106-12
Arapahoe,106,136,100,ICC 106-12
Arapahoe,106,137,100,ICC 106-12
Arapahoe,106,138,100,ICC 106-12
Arapahoe,106,139,100,ICC 106-12
Arapahoe,106,140,100,ICC 106-12
Arapahoe,106,141,100,ICC 106-12
Arapahoe,106,142,100,ICC 106-12
Arapahoe,106,143,100,ICC 106-12
Arapahoe,106,144,100,ICC 106-12
Arapahoe,106,145,100,ICC 106-13
Arapahoe,106,146,100,ICC 106-13
Arapahoe,106,147,100,ICC 106-13
Arapahoe,106,148,100,ICC 106-13
Arapahoe,106,149,100,ICC 106-13
Arapahoe,106,150,100,ICC 106-13
Arapahoe,106,151,100,ICC 106-13
Arapahoe,106,152,98,ICC 106-13
Arapahoe,106,153,100,ICC 106-13
Arapahoe,106,154,100,ICC 106-13
Arapahoe,106,155,100,ICC 106-13
Arapahoe,106,156,100,ICC 106-13
Arapahoe,106,157,100,ICC 106-14
Arapahoe,106,158,100,ICC 106-14
Arapahoe,106,159,100,ICC 106-14
Arapahoe,106,160,100,ICC 106-14
Arapahoe,106,161,100,ICC 106-14
Arapahoe,106,162,100,ICC 106-14
Arapahoe,106,163,99,ICC 106-14
Arapahoe,106,164,100,ICC 106-14
Arapahoe,106,165,100,ICC 106-14
Arapahoe,106,166,99,ICC 106-14
Arapahoe,106,167,100,ICC 106-14
Arapahoe,106,168,99,ICC 106-14
Arapahoe,106,169,100,ICC 106-15
Arapahoe,106,170,100,ICC 106-15
Arapahoe,106,171,100,ICC 106-15
Arapahoe,106,172,100,ICC 106-15
Arapahoe,106,173,100,ICC 106-15
Arapahoe,106,174,100,ICC 106-15
Arapahoe,106,175,100,ICC 106-15
Arapahoe,106,176,100,ICC 106-15
Arapahoe,106,177,100,ICC 106-15
Arapahoe,106,178,97,ICC 106-15
Arapahoe,106,179,100,ICC 106-15
Arapahoe,106,180,98,ICC 106-15
Arapahoe,106,181,100,ICC 106-16
Arapahoe,106,182,98,ICC 106-16
Arapahoe,106,183,100,ICC 106-16
Arapahoe,106,184,100,ICC 106-16
Arapahoe,106,185,99,ICC 106-16
Arapahoe,106,186,99,ICC 106-16
Arapahoe,106,187,98,ICC 106-16
Arapahoe,106,188,100,ICC 106-16
Arapahoe,106,189,98,ICC 106-16
Arapahoe,106,190,99,ICC 106-16
Arapahoe,106,191,100,ICC 106-16
Arapahoe,106,192,100,ICC 106-16
Arapahoe,106,193,99,ICC 106-17
Arapahoe,106,194,100,ICC 106-17
Arapahoe,106,195,100,ICC 106-17
Arapahoe,106,196,100,ICC 106-17
Arapahoe,106,197,100,ICC 106-17
Arapahoe,106,198,100,ICC 106-17
Arapahoe,106,199,100,ICC 106-17
Arapahoe,106,200,100,ICC 106-17
Arapahoe,106,201,100,ICC 106-17
Arapahoe,106,202,100,ICC 106-17
Arapahoe,106,203,100,ICC 106-17
Arapahoe,106,204,99,ICC 106-17
Arapahoe,106,205,100,ICC 106-18
Arapahoe,106,206,100,ICC 106-18
Arapahoe,106,207,100,ICC 106-18
Arapahoe,106,208,100,ICC 106-18
Arapahoe,106,209,99,ICC 106-18
Arapahoe,106,210,100,ICC 106-18
Arapahoe,106,211,99,ICC 106-18
Arapahoe,106,212,100,ICC 106-18
Arapahoe,106,213,98,ICC 106-18
Arapahoe,106,214,100,ICC 106-18
Arapahoe,106,215,100,ICC 106-18
Arapahoe,106,216,99,ICC 106-18
Arapahoe,106,217,99,ICC 106-19
Arapahoe,106,218,100,ICC 106-19
Arapahoe,106,219,100,ICC 106-19
Arapahoe,106,220,100,ICC 106-19
Arapahoe,106,221,100,ICC 106-19
Arapahoe,106,222,100,ICC 106-19
Arapahoe,106,223,100,ICC 106-19
Arapahoe,106,224,100,ICC 106-19
Arapahoe,106,225,99,ICC 106-19
Arapahoe,106,226,100,ICC 106-19
Arapahoe,106,227,100,ICC 106-19
Arapahoe,106,228,100,ICC 106-19
Arapahoe,106,229,100,ICC 106-20
Arapahoe,106,230,100,ICC 106-20
Arapahoe,106,231,100,ICC 106-20
Arapahoe,106,232,100,ICC 106-20
Arapahoe,106,233,100,ICC 106-20
Arapahoe,106,234,100,ICC 106-20
Arapahoe,106,235,100,ICC 106-20
Arapahoe,106,236,99,ICC 106-20
Arapahoe,106,237,100,ICC 106-20
Arapahoe,106,238,100,ICC 106-20
Arapahoe,106,239,100,ICC 106-20
Arapahoe,106,240,100,ICC 106-20
Arapahoe,106,241,100,ICC 106-21
Arapahoe,106,242,100,ICC 106-21
Arapahoe,106,243,100,ICC 106-21
Arapahoe,106,244,75,ICC 106-21
Arapahoe,106,245,100,ICC 106-21
Arapahoe,106,246,100,ICC 106-21
Arapahoe,106,247,100,ICC 106-21
Arapahoe,106,248,100,ICC 106-21
Arapahoe,106,249,99,ICC 106-21
Arapahoe,106,250,100,ICC 106-21
Arapahoe,106,251,100,ICC 106-21
Arapahoe,106,252,100,ICC 106-21
Arapahoe,106,253,100,ICC 106-22
Arapahoe,106,254,99,ICC 106-22
Arapahoe,106,255,100,ICC 106-22
Arapahoe,106,256,100,ICC 106-22
Arapahoe,106,257,100,ICC 106-22
Arapahoe,106,258,100,ICC 106-22
Arapahoe,106,259,100,ICC 106-22
Arapahoe,106,260,100,ICC 106-22
Arapahoe,106,261,100,ICC 106-22
Arapahoe,106,262,100,ICC 106-22
Arapahoe,106,263,100,ICC 106-22
Arapahoe,106,264,100,ICC 106-22
Arapahoe,106,265,100,ICC 106-23
Arapahoe,106,266,100,ICC 106-23
Arapahoe,106,267,100,ICC 106-23
Arapahoe,106,268,99,ICC 106-23
Arapahoe,106,269,100,ICC 106-23
Arapahoe,106,270,100,ICC 106-23
Arapahoe,106,271,100,ICC 106-23
Arapahoe,106,272,100,ICC 106-23
Arapahoe,106,273,100,ICC 106-23
Arapahoe,106,274,83,ICC 106-23
Arapahoe,106,275,98,ICC 106-23
Arapahoe,106,276,100,ICC 106-23
Arapahoe,106,277,100,ICC 106-24
Arapahoe,106,278,99,ICC 106-24
Arapahoe,107,1,100,ICC 107-1
Arapahoe,107,2,100,ICC 107-1
Arapahoe,107,3,100,ICC 107-1
Arapahoe,107,4,100,ICC 107-1
Arapahoe,107,5,100,ICC 107-1
Arapahoe,107,6,100,ICC 107-1
Arapahoe,107,7,99,ICC 107-1
Arapahoe,107,8,100,ICC 107-1
Arapahoe,107,9,100,ICC 107-1
Arapahoe,107,10,100,ICC 107-1
Arapahoe,107,11,99,ICC 107-1
Arapahoe,107,12,100,ICC 107-1
Arapahoe,107,13,100,ICC 107-2
Arapahoe,107,14,100,ICC 107-2
Arapahoe,107,15,100,ICC 107-2
Arapahoe,107,16,100,ICC 107-2
Arapahoe,107,17,100,ICC 107-2
Arapahoe,107,18,89,ICC 107-2
Arapahoe,107,19,99,ICC 107-2
Arapahoe,107,20,100,ICC 107-2
Arapahoe,107,21,100,ICC 107-2
Arapahoe,107,22,100,ICC 107-2
Arapahoe,107,23,100,ICC 107-2
Arapahoe,107,24,100,ICC 107-2
Arapahoe,107,25,100,ICC 107-3
Arapahoe,107,26,100,ICC 107-3
Arapahoe,107,27,100,ICC 107-3
Arapahoe,107,28,100,ICC 107-3
Arapahoe,107,29,100,ICC 107-3
Arapahoe,107,30,97,ICC 107-3
Arapahoe,107,31,100,ICC 107-3
Arapahoe,107,32,100,ICC 107-3
Arapahoe,107,33,99,ICC 107-3
Arapahoe,107,34,100,ICC 107-3
Arapahoe,107,35,100,ICC 107-3
Arapahoe,107,36,100,ICC 107-3
Arapahoe,107,37,100,icc 107-4
Arapahoe,107,38,100,icc 107-4
Arapahoe,107,39,100,icc 107-4
Arapahoe,107,40,44,icc 107-4
Arapahoe,107,41,56,icc 107-4
Arapahoe,107,42,99,icc 107-4
Arapahoe,107,43,100,icc 107-4
Arapahoe,107,44,100,icc 107-4
Arapahoe,107,45,100,icc 107-4
Arapahoe,107,46,100,icc 107-4
Arapahoe,107,47,100,icc 107-4
Arapahoe,107,48,100,icc 107-4
Arapahoe,107,49,100,ICC 107-5
Arapahoe,107,50,100,ICC 107-5
Arapahoe,107,51,100,ICC 107-5
Arapahoe,107,52,99,ICC 107-5
Arapahoe,107,53,100,ICC 107-5
Arapahoe,107,54,100,ICC 107-5
Arapahoe,107,55,100,ICC 107-5
Arapahoe,107,56,100,ICC 107-5
Arapahoe,107,57,100,ICC 107-5
Arapahoe,107,58,100,ICC 107-5
Arapahoe,107,59,100,ICC 107-5
Arapahoe,107,60,100,ICC 107-5
Arapahoe,107,61,98,ICC 107-6
Arapahoe,107,62,100,ICC 107-6
Arapahoe,107,63,99,ICC 107-6
Arapahoe,107,64,99,ICC 107-6
Arapahoe,107,65,100,ICC 107-6
Arapahoe,107,66,99,ICC 107-6
Arapahoe,107,67,100,ICC 107-6
Arapahoe,107,68,100,ICC 107-6
Arapahoe,107,69,100,ICC 107-6
Arapahoe,107,70,100,ICC 107-6
Arapahoe,107,71,100,ICC 107-6
Arapahoe,107,72,100,ICC 107-6
Arapahoe,107,73,100,ICC 107-7
Arapahoe,107,74,100,ICC 107-7
Arapahoe,107,75,100,ICC 107-7
Arapahoe,107,76,100,ICC 107-7
Arapahoe,107,77,100,ICC 107-7
Arapahoe,107,78,100,ICC 107-7
Arapahoe,107,79,100,ICC 107-7
Arapahoe,107,80,100,ICC 107-7
Arapahoe,107,81,99,ICC 107-7
Arapahoe,107,82,99,ICC 107-7
Arapahoe,107,83,100,ICC 107-7
Arapahoe,107,84,100,ICC 107-7
Arapahoe,107,85,100,ICC 107-8
Arapahoe,107,86,100,ICC 107-8
Arapahoe,107,87,100,ICC 107-8
Arapahoe,107,88,100,ICC 107-8
Arapahoe,107,89,99,ICC 107-8
Arapahoe,107,90,100,ICC 107-8
Arapahoe,107,91,100,ICC 107-8
Arapahoe,107,92,100,ICC 107-8
Arapahoe,107,93,100,ICC 107-8
Arapahoe,107,94,97,ICC 107-8
Arapahoe,107,95,100,ICC 107-8
Arapahoe,107,96,100,ICC 107-8
Arapahoe,107,97,100,ICC 107-9
Arapahoe,107,98,100,ICC 107-9
Arapahoe,107,99,100,ICC 107-9
Arapahoe,107,100,100,ICC 107-9
Arapahoe,107,101,100,ICC 107-9
Arapahoe,107,102,99,ICC 107-9
Arapahoe,107,103,97,ICC 107-9
Arapahoe,107,104,100,ICC 107-9
Arapahoe,107,105,100,ICC 107-9
Arapahoe,107,106,100,ICC 107-9
Arapahoe,107,107,100,ICC 107-9
Arapahoe,107,108,97,ICC 107-9
Arapahoe,107,109,100,ICC 107-10
Arapahoe,107,110,100,ICC 107-10
Arapahoe,107,111,100,ICC 107-10
Arapahoe,107,112,100,ICC 107-10
Arapahoe,107,113,100,ICC 107-10
Arapahoe,107,114,100,ICC 107-10
Arapahoe,107,115,99,ICC 107-10
Arapahoe,107,116,100,ICC 107-10
Arapahoe,107,117,100,ICC 107-10
Arapahoe,107,118,99,ICC 107-10
Arapahoe,107,119,100,ICC 107-10
Arapahoe,107,120,100,ICC 107-10
Arapahoe,107,121,99,ICC 107-11
Arapahoe,107,122,100,ICC 107-11
Arapahoe,107,123,100,ICC 107-11
Arapahoe,107,124,100,ICC 107-11
Arapahoe,107,125,99,ICC 107-11
Arapahoe,107,126,100,ICC 107-11
Arapahoe,107,127,100,ICC 107-11
Arapahoe,107,128,100,ICC 107-11
Arapahoe,107,129,100,ICC 107-11
Arapahoe,107,130,100,ICC 107-11
Arapahoe,107,131,100,ICC 107-11
Arapahoe,107,132,100,ICC 107-11
Arapahoe,107,133,99,ICC 107-12
Arapahoe,107,134,99,ICC 107-12
Arapahoe,107,135,99,ICC 107-12
Arapahoe,107,136,100,ICC 107-12
Arapahoe,107,137,100,ICC 107-12
Arapahoe,107,138,99,ICC 107-12
Arapahoe,107,139,100,ICC 107-12
Arapahoe,107,140,100,ICC 107-12
Arapahoe,107,141,100,ICC 107-12
Arapahoe,107,142,100,ICC 107-12
Arapahoe,107,143,100,ICC 107-12
Arapahoe,107,144,100,ICC 107-12
Arapahoe,107,145,100,ICC 107-13
Arapahoe,107,146,100,ICC 107-13
Arapahoe,107,147,99,ICC 107-13
Arapahoe,107,148,100,ICC 107-13
Arapahoe,107,149,41,ICC 107-13
Arapahoe,107,150,100,ICC 107-13
Arapahoe,107,151,99,ICC 107-13
Arapahoe,107,152,99,ICC 107-13
Arapahoe,107,153,98,ICC 107-13
Arapahoe,107,154,100,ICC 107-13
Arapahoe,107,155,100,ICC 107-13
Arapahoe,107,156,99,ICC 107-13
Arapahoe,107,157,100,ICC 107-14
Arapahoe,107,158,99,ICC 107-14
Arapahoe,107,159,100,ICC 107-14
Arapahoe,107,160,100,ICC 107-14
Arapahoe,107,161,99,ICC 107-14
Arapahoe,107,162,99,ICC 107-14
Arapahoe,107,163,100,ICC 107-14
Arapahoe,107,164,99,ICC 107-14
Arapahoe,107,165,100,ICC 107-14
Arapahoe,107,166,100,ICC 107-14
Arapahoe,107,167,100,ICC 107-14
Arapahoe,107,168,100,ICC 107-14
Arapahoe,107,169,100,ICC 107-15
Arapahoe,107,170,100,ICC 107-15
Arapahoe,107,171,99,ICC 107-15
Arapahoe,107,172,98,ICC 107-15
Arapahoe,107,173,99,ICC 107-15
Arapahoe,107,174,99,ICC 107-15
Arapahoe,107,175,100,ICC 107-15
Arapahoe,107,176,98,ICC 107-15
Arapahoe,107,177,100,ICC 107-15
Arapahoe,107,178,99,ICC 107-15
Arapahoe,107,179,100,ICC 107-15
Arapahoe,107,180,100,ICC 107-15
Arapahoe,107,181,100,ICC 107-16
Arapahoe,107,182,100,ICC 107-16
Arapahoe,107,183,100,ICC 107-16
Arapahoe,107,184,100,ICC 107-16
Arapahoe,107,185,100,ICC 107-16
Arapahoe,107,186,100,ICC 107-16
Arapahoe,107,187,100,ICC 107-16
Arapahoe,107,188,100,ICC 107-16
Arapahoe,107,189,99,ICC 107-16
Arapahoe,107,190,100,ICC 107-16
Arapahoe,107,191,99,ICC 107-16
Arapahoe,107,192,100,ICC 107-16
Arapahoe,107,193,100,ICC 107-17
Arapahoe,107,194,100,ICC 107-17
Arapahoe,107,195,98,ICC 107-17
Arapahoe,107,196,99,ICC 107-17
Arapahoe,107,197,100,ICC 107-17
Arapahoe,107,198,100,ICC 107-17
Arapahoe,107,199,99,ICC 107-17
Arapahoe,107,200,100,ICC 107-17
Arapahoe,107,201,100,ICC 107-17
Arapahoe,107,202,100,ICC 107-17
Arapahoe,107,203,99,ICC 107-17
Arapahoe,107,204,100,ICC 107-17
Arapahoe,107,205,99,ICC 107-18
Arapahoe,107,206,100,ICC 107-18
Arapahoe,107,207,100,ICC 107-18
Arapahoe,107,208,100,ICC 107-18
Arapahoe,107,209,99,ICC 107-18
Arapahoe,107,210,100,ICC 107-18
Arapahoe,107,211,100,ICC 107-18
Arapahoe,107,212,100,ICC 107-18
Arapahoe,107,213,100,ICC 107-18
Arapahoe,107,214,100,ICC 107-18
Arapahoe,107,215,100,ICC 107-18
Arapahoe,107,216,61,ICC 107-18
Arapahoe,107,217,100,ICC 107-19
Arapahoe,107,218,100,ICC 107-19
Arapahoe,107,219,99,ICC 107-19
Arapahoe,107,220,100,ICC 107-19
Arapahoe,107,221,100,ICC 107-19
Arapahoe,107,222,99,ICC 107-19
Arapahoe,107,223,100,ICC 107-19
Arapahoe,107,224,100,ICC 107-19
Arapahoe,107,225,99,ICC 107-19
Arapahoe,107,226,100,ICC 107-19
Arapahoe,107,227,100,ICC 107-19
Arapahoe,107,228,98,ICC 107-19
Arapahoe,107,229,100,ICC 107-20
Arapahoe,107,230,100,ICC 107-20
Arapahoe,107,231,100,ICC 107-20
Arapahoe,107,232,100,ICC 107-20
Arapahoe,107,233,100,ICC 107-20
Arapahoe,107,234,100,ICC 107-20
Arapahoe,107,235,100,ICC 107-20
Arapahoe,107,236,100,ICC 107-20
Arapahoe,107,237,98,ICC 107-20
Arapahoe,107,238,99,ICC 107-20
Arapahoe,107,239,99,ICC 107-20
Arapahoe,107,240,99,ICC 107-20
Arapahoe,107,241,100,ICC 107-21
Arapahoe,107,242,100,ICC 107-21
Arapahoe,107,243,100,ICC 107-21
Arapahoe,107,244,99,ICC 107-21
Arapahoe,107,245,100,ICC 107-21
Arapahoe,107,246,100,ICC 107-21
Arapahoe,107,247,100,ICC 107-21
Arapahoe,107,248,100,ICC 107-21
Arapahoe,107,249,100,ICC 107-21
Arapahoe,107,250,100,ICC 107-21
Arapahoe,107,251,100,ICC 107-21
Arapahoe,107,252,100,ICC 107-21
Arapahoe,107,253,100,ICC 107-22
Arapahoe,107,254,99,ICC 107-22
Arapahoe,107,255,100,ICC 107-22
Arapahoe,107,256,99,ICC 107-22
Arapahoe,107,257,99,ICC 107-22
Arapahoe,107,258,100,ICC 107-22
Arapahoe,107,259,98,ICC 107-22
Arapahoe,107,260,100,ICC 107-22
Arapahoe,107,261,100,ICC 107-22
Arapahoe,107,262,100,ICC 107-22
Arapahoe,107,263,100,ICC 107-22
Arapahoe,107,264,100,ICC 107-22
Arapahoe,107,265,100,ICC 107-23
Arapahoe,107,266,100,ICC 107-23
Arapahoe,107,267,98,ICC 107-23
Arapahoe,107,268,100,ICC 107-23
Arapahoe,107,269,100,ICC 107-23
Arapahoe,107,270,100,ICC 107-23
Arapahoe,107,271,100,ICC 107-23
Arapahoe,107,272,100,ICC 107-23
Arapahoe,107,273,99,ICC 107-23
Arapahoe,107,274,99,ICC 107-23
Arapahoe,107,275,98,ICC 107-23
Arapahoe,107,276,100,ICC 107-23
Arapahoe,107,277,100,ICC 107-24
Arapahoe,107,278,100,ICC 107-24
Arapahoe,107,279,100,ICC 107-24
Arapahoe,107,280,99,ICC 107-24
Arapahoe,107,281,99,ICC 107-24
Arapahoe,107,282,100,ICC 107-24
Arapahoe,107,283,100,ICC 107-24
Arapahoe,107,284,100,ICC 107-24
Arapahoe,107,285,100,ICC 107-24
Arapahoe,107,286,100,ICC 107-24
Arapahoe,107,287,100,ICC 107-24
Arapahoe,107,288,100,ICC 107-24
Arapahoe,107,289,100,ICC 107-25
Arapahoe,107,290,100,ICC 107-25
Arapahoe,107,291,100,ICC 107-25
Arapahoe,107,292,100,ICC 107-25
Arapahoe,107,293,100,ICC 107-25
Arapahoe,107,294,100,ICC 107-25
Arapahoe,107,295,100,ICC 107-25
Arapahoe,107,296,100,ICC 107-25
Arapahoe,107,297,100,ICC 107-25
Arapahoe,107,298,100,ICC 107-25
Arapahoe,107,299,100,ICC 107-25
Arapahoe,107,300,100,ICC 107-25
Arapahoe,107,301,100,ICC 107-26
Arapahoe,107,302,100,ICC 107-26
Arapahoe,107,303,100,ICC 107-26
Arapahoe,107,304,99,ICC 107-26
Arapahoe,107,305,99,ICC 107-26
Arapahoe,107,306,100,ICC 107-26
Arapahoe,107,307,100,ICC 107-26
Arapahoe,107,308,100,ICC 107-26
Arapahoe,107,309,100,ICC 107-26
Arapahoe,107,310,100,ICC 107-26
Arapahoe,107,311,100,ICC 107-26
Arapahoe,107,312,99,ICC 107-26
Arapahoe,108,1,100,ICC 108-1
Arapahoe,108,2,99,ICC 108-1
Arapahoe,108,3,100,ICC 108-1
Arapahoe,108,4,100,ICC 108-1
Arapahoe,108,5,100,ICC 108-1
Arapahoe,108,6,100,ICC 108-1
Arapahoe,108,7,99,ICC 108-1
Arapahoe,108,8,99,ICC 108-1
Arapahoe,108,9,100,ICC 108-1
Arapahoe,108,10,100,ICC 108-1
Arapahoe,108,11,100,ICC 108-1
Arapahoe,108,12,100,ICC 108-1
Arapahoe,108,13,100,ICC 108-2
Arapahoe,108,14,100,ICC 108-2
Arapahoe,108,15,100,ICC 108-2
Arapahoe,108,16,80,ICC 108-2
Arapahoe,108,17,100,ICC 108-2
Arapahoe,108,18,100,ICC 108-2
Arapahoe,108,19,99,ICC 108-2
Arapahoe,108,20,100,ICC 108-2
Arapahoe,108,21,100,ICC 108-2
Arapahoe,108,22,100,ICC 108-2
Arapahoe,108,23,100,ICC 108-2
Arapahoe,108,24,100,ICC 108-2
Arapahoe,108,25,100,ICC 108-3
Arapahoe,108,26,100,ICC 108-3
Arapahoe,108,27,69,ICC 108-3
Arapahoe,108,28,98,ICC 108-3
Arapahoe,108,29,99,ICC 108-3
Arapahoe,108,30,100,ICC 108-3
Arapahoe,108,31,100,ICC 108-3
Arapahoe,108,32,100,ICC 108-3
Arapahoe,108,33,100,ICC 108-3
Arapahoe,108,34,100,ICC 108-3
Arapahoe,108,35,100,ICC 108-3
Arapahoe,108,36,99,ICC 108-3
Arapahoe,108,37,100,ICC 108-4
Arapahoe,108,38,100,ICC 108-4
Arapahoe,108,39,100,ICC 108-4
Arapahoe,108,40,100,ICC 108-4
Arapahoe,108,41,100,ICC 108-4
Arapahoe,108,42,100,ICC 108-4
Arapahoe,108,43,100,ICC 108-4
Arapahoe,108,44,100,ICC 108-4
Arapahoe,108,45,99,ICC 108-4
Arapahoe,108,46,100,ICC 108-4
Arapahoe,108,47,99,ICC 108-4
Arapahoe,108,48,100,ICC 108-4
Arapahoe,108,49,100,icc 108-5
Arapahoe,108,50,100,icc 108-5
Arapahoe,108,51,99,icc 108-5
Arapahoe,108,52,100,icc 108-5
Arapahoe,108,53,100,icc 108-5
Arapahoe,108,54,99,icc 108-5
Arapahoe,108,55,100,icc 108-5
Arapahoe,108,56,100,icc 108-5
Arapahoe,108,57,99,icc 108-5
Arapahoe,108,58,100,icc 108-5
Arapahoe,108,59,97,icc 108-5
Arapahoe,108,60,100,icc 108-5
Arapahoe,108,61,100,ICC 108-6
Arapahoe,108,62,100,ICC 108-6
Arapahoe,108,63,100,ICC 108-6
Arapahoe,108,64,100,ICC 108-6
Arapahoe,108,65,100,ICC 108-6
Arapahoe,108,66,99,ICC 108-6
Arapahoe,108,67,100,ICC 108-6
Arapahoe,108,68,100,ICC 108-6
Arapahoe,108,69,99,ICC 108-6
Arapahoe,108,70,100,ICC 108-6
Arapahoe,108,71,100,ICC 108-6
Arapahoe,108,72,100,ICC 108-6
Arapahoe,108,73,101,ICC 108-7
Arapahoe,108,74,100,ICC 108-7
Arapahoe,108,75,99,ICC 108-7
Arapahoe,108,76,100,ICC 108-7
Arapahoe,108,77,99,ICC 108-7
Arapahoe,108,78,100,ICC 108-7
Arapahoe,108,79,100,ICC 108-7
Arapahoe,108,80,99,ICC 108-7
Arapahoe,108,81,100,ICC 108-7
Arapahoe,108,82,100,ICC 108-7
Arapahoe,108,83,100,ICC 108-7
Arapahoe,108,84,100,ICC 108-7
Arapahoe,108,85,100,ICC 108-8
Arapahoe,108,86,99,ICC 108-8
Arapahoe,108,87,100,ICC 108-8
Arapahoe,108,88,100,ICC 108-8
Arapahoe,108,89,100,ICC 108-8
Arapahoe,108,90,101,ICC 108-8
Arapahoe,108,91,98,ICC 108-8
Arapahoe,108,92,99,ICC 108-8
Arapahoe,108,93,100,ICC 108-8
Arapahoe,108,94,100,ICC 108-8
Arapahoe,108,95,100,ICC 108-8
Arapahoe,108,96,99,ICC 108-8
Arapahoe,108,97,100,ICC 108-9
Arapahoe,108,98,88,ICC 108-9
Arapahoe,108,99,100,ICC 108-9
Arapahoe,108,100,100,ICC 108-9
Arapahoe,108,101,100,ICC 108-9
Arapahoe,108,102,100,ICC 108-9
Arapahoe,108,103,100,ICC 108-9
Arapahoe,108,104,99,ICC 108-9
Arapahoe,108,105,99,ICC 108-9
Arapahoe,108,106,100,ICC 108-9
Arapahoe,108,107,100,ICC 108-9
Arapahoe,108,108,100,ICC 108-9
Arapahoe,108,109,99,ICC 108-10
Arapahoe,108,110,100,ICC 108-10
Arapahoe,108,111,100,ICC 108-10
Arapahoe,108,112,100,ICC 108-10
Arapahoe,108,113,100,ICC 108-10
Arapahoe,108,114,100,ICC 108-10
Arapahoe,108,115,100,ICC 108-10
Arapahoe,108,116,97,ICC 108-10
Arapahoe,108,117,100,ICC 108-10
Arapahoe,108,118,100,ICC 108-10
Arapahoe,108,119,100,ICC 108-10
Arapahoe,108,120,100,ICC 108-10
Arapahoe,108,121,100,ICC 108-11
Arapahoe,108,122,100,ICC 108-11
Arapahoe,108,123,100,ICC 108-11
Arapahoe,108,124,100,ICC 108-11
Arapahoe,108,125,100,ICC 108-11
Arapahoe,108,126,100,ICC 108-11
Arapahoe,108,127,99,ICC 108-11
Arapahoe,108,128,100,ICC 108-11
Arapahoe,108,129,100,ICC 108-11
Arapahoe,108,130,99,ICC 108-11
Arapahoe,108,131,100,ICC 108-11
Arapahoe,108,132,99,ICC 108-11
Arapahoe,108,133,98,ICC 108-12
Arapahoe,108,134,100,ICC 108-12
Arapahoe,108,135,100,ICC 108-12
Arapahoe,108,136,100,ICC 108-12
Arapahoe,108,137,98,ICC 108-12
Arapahoe,108,138,100,ICC 108-12
Arapahoe,108,139,100,ICC 108-12
Arapahoe,108,140,100,ICC 108-12
Arapahoe,108,141,100,ICC 108-12
Arapahoe,108,142,100,ICC 108-12
Arapahoe,108,143,100,ICC 108-12
Arapahoe,108,144,100,ICC 108-12
Arapahoe,108,145,100,ICC 108-13
Arapahoe,108,146,13,ICC 108-13
Arapahoe,108,147,98,ICC 108-13
Arapahoe,108,148,98,ICC 108-13
Arapahoe,108,149,99,ICC 108-13
Arapahoe,108,150,100,ICC 108-13
Arapahoe,108,151,99,ICC 108-13
Arapahoe,108,152,100,ICC 108-13
Arapahoe,108,153,100,ICC 108-13
Arapahoe,108,154,100,ICC 108-13
Arapahoe,108,155,100,ICC 108-13
Arapahoe,108,156,100,ICC 108-13
Arapahoe,108,157,100,ICC 108-14
Arapahoe,108,158,100,ICC 108-14
Arapahoe,108,159,100,ICC 108-14
Arapahoe,108,160,100,ICC 108-14
Arapahoe,108,161,100,ICC 108-14
Arapahoe,108,162,100,ICC 108-14
Arapahoe,108,163,99,ICC 108-14
Arapahoe,108,164,100,ICC 108-14
Arapahoe,108,165,100,ICC 108-14
Arapahoe,108,166,100,ICC 108-14
Arapahoe,108,167,100,ICC 108-14
Arapahoe,108,168,100,ICC 108-14
Arapahoe,108,169,100,ICC 108-15
Arapahoe,108,170,100,ICC 108-15
Arapahoe,108,171,100,ICC 108-15
Arapahoe,108,172,100,ICC 108-15
Arapahoe,108,173,99,ICC 108-15
Arapahoe,108,174,100,ICC 108-15
Arapahoe,108,175,100,ICC 108-15
Arapahoe,108,176,100,ICC 108-15
Arapahoe,108,177,100,ICC 108-15
Arapahoe,108,178,99,ICC 108-15
Arapahoe,108,179,100,ICC 108-15
Arapahoe,108,180,100,ICC 108-15
Arapahoe,108,181,100,ICC 108-16
Arapahoe,108,182,100,ICC 108-16
Arapahoe,108,183,100,ICC 108-16
Arapahoe,108,184,99,ICC 108-16
Arapahoe,108,185,100,ICC 108-16
Arapahoe,108,186,100,ICC 108-16
Arapahoe,108,187,99,ICC 108-16
Arapahoe,108,188,100,ICC 108-16
Arapahoe,108,189,99,ICC 108-16
Arapahoe,108,190,99,ICC 108-16
Arapahoe,108,191,100,ICC 108-16
Arapahoe,108,192,100,ICC 108-16
Arapahoe,108,193,100,ICC 108-17
Arapahoe,108,194,100,ICC 108-17
Arapahoe,108,195,100,ICC 108-17
Arapahoe,108,196,100,ICC 108-17
Arapahoe,108,197,100,ICC 108-17
Arapahoe,108,198,100,ICC 108-17
Arapahoe,108,199,100,ICC 108-17
Arapahoe,108,200,100,ICC 108-17
Arapahoe,108,201,100,ICC 108-17
Arapahoe,108,202,100,ICC 108-17
Arapahoe,108,203,100,ICC 108-17
Arapahoe,108,204,99,ICC 108-17
Arapahoe,108,205,99,ICC 108-18
Arapahoe,108,206,100,ICC 108-18
Arapahoe,108,207,100,ICC 108-18
Arapahoe,108,208,99,ICC 108-18
Arapahoe,108,209,99,ICC 108-18
Arapahoe,108,210,100,ICC 108-18
Arapahoe,108,211,100,ICC 108-18
Arapahoe,108,212,100,ICC 108-18
Arapahoe,108,213,100,ICC 108-18
Arapahoe,108,214,100,ICC 108-18
Arapahoe,108,215,100,ICC 108-18
Arapahoe,108,216,100,ICC 108-18
Arapahoe,108,217,100,ICC 108-19
Arapahoe,108,218,100,ICC 108-19
Arapahoe,108,219,100,ICC 108-19
Arapahoe,108,220,100,ICC 108-19
Arapahoe,108,221,100,ICC 108-19
Arapahoe,108,222,100,ICC 108-19
Arapahoe,108,223,99,ICC 108-19
Arapahoe,108,224,100,ICC 108-19
Arapahoe,108,225,98,ICC 108-19
Arapahoe,108,226,100,ICC 108-19
Arapahoe,108,227,100,ICC 108-19
Arapahoe,108,228,100,ICC 108-19
Arapahoe,108,229,100,ICC 108-20
Arapahoe,108,230,100,ICC 108-20
Arapahoe,108,231,99,ICC 108-20
Arapahoe,108,232,100,ICC 108-20
Arapahoe,108,233,100,ICC 108-20
Arapahoe,108,234,100,ICC 108-20
Arapahoe,108,235,99,ICC 108-20
Arapahoe,108,236,100,ICC 108-20
Arapahoe,108,237,100,ICC 108-20
Arapahoe,108,238,100,ICC 108-20
Arapahoe,108,239,100,ICC 108-20
Arapahoe,108,240,99,ICC 108-20
Arapahoe,108,241,100,ICC 108-21
Arapahoe,108,242,100,ICC 108-21
Arapahoe,108,243,100,ICC 108-21
Arapahoe,108,244,100,ICC 108-21
Arapahoe,108,245,99,ICC 108-21
Arapahoe,108,246,100,ICC 108-21
Arapahoe,108,247,100,ICC 108-21
Arapahoe,108,248,99,ICC 108-21
Arapahoe,108,249,100,ICC 108-21
Arapahoe,108,250,100,ICC 108-21
Arapahoe,108,251,99,ICC 108-21
Arapahoe,108,252,100,ICC 108-21
Arapahoe,108,253,100,ICC 108-22
Arapahoe,108,254,100,ICC 108-22
Arapahoe,108,255,100,ICC 108-22
Arapahoe,108,256,100,ICC 108-22
Arapahoe,108,257,100,ICC 108-22
Arapahoe,108,258,100,ICC 108-22
Arapahoe,108,259,100,ICC 108-22
Arapahoe,108,260,100,ICC 108-22
Arapahoe,108,261,100,ICC 108-22
Arapahoe,108,262,100,ICC 108-22
Arapahoe,108,263,100,ICC 108-22
Arapahoe,108,264,100,ICC 108-22
Arapahoe,108,265,100,ICC 108-23
Arapahoe,108,266,100,ICC 108-23
Arapahoe,108,267,99,ICC 108-23
Arapahoe,108,268,100,ICC 108-23
Arapahoe,108,269,99,ICC 108-23
Arapahoe,108,270,100,ICC 108-23
Arapahoe,108,271,99,ICC 108-23
Arapahoe,108,272,100,ICC 108-23
Arapahoe,108,273,100,ICC 108-23
Arapahoe,108,274,100,ICC 108-23
Arapahoe,108,275,100,ICC 108-23
Arapahoe,108,276,100,ICC 108-23
Arapahoe,108,277,100,ICC 108-24
Arapahoe,108,278,99,ICC 108-24
Arapahoe,108,279,100,ICC 108-24
Arapahoe,108,280,100,ICC 108-24
Arapahoe,108,281,100,ICC 108-24
Arapahoe,108,282,100,ICC 108-24
Arapahoe,108,283,100,ICC 108-24
Arapahoe,108,284,100,ICC 108-24
Arapahoe,108,285,100,ICC 108-24
Arapahoe,108,286,100,ICC 108-24
Arapahoe,108,287,100,ICC 108-24
Arapahoe,108,288,100,ICC 108-24
Arapahoe,108,289,99,ICC 108-25
Arapahoe,108,290,100,ICC 108-25
Arapahoe,108,291,99,ICC 108-25
Arapahoe,108,292,100,ICC 108-25
Arapahoe,108,293,100,ICC 108-25
Arapahoe,108,294,100,ICC 108-25
Arapahoe,108,295,100,ICC 108-25
Arapahoe,108,296,100,ICC 108-25
Arapahoe,108,297,100,ICC 108-25
Arapahoe,108,298,99,ICC 108-25
Arapahoe,108,299,100,ICC 108-25
Arapahoe,108,300,99,ICC 108-25
Arapahoe,108,301,99,ICC 108-26
Arapahoe,108,302,100,ICC 108-26
Arapahoe,108,303,100,ICC 108-26
Arapahoe,108,304,100,ICC 108-26
Arapahoe,108,305,100,ICC 108-26
Arapahoe,108,306,100,ICC 108-26
Arapahoe,108,307,99,ICC 108-26
Arapahoe,108,308,100,ICC 108-26
Arapahoe,108,309,100,ICC 108-26
Arapahoe,108,310,100,ICC 108-26
Arapahoe,108,311,100,ICC 108-26
Arapahoe,108,312,100,ICC 108-26
Arapahoe,108,313,100,ICC 108-27
Arapahoe,108,314,100,ICC 108-27
Arapahoe,108,315,100,ICC 108-27
Arapahoe,108,316,100,ICC 108-27
Arapahoe,108,317,100,ICC 108-27
Arapahoe,108,318,100,ICC 108-27
Arapahoe,108,319,99,ICC 108-27
Arapahoe,108,320,100,ICC 108-27
Arapahoe,108,321,100,ICC 108-27
Arapahoe,108,322,100,ICC 108-27
Arapahoe,108,323,100,ICC 108-27
Arapahoe,108,324,100,ICC 108-27
Arapahoe,108,325,100,ICC 108-28
Arapahoe,108,326,100,ICC 108-28
Arapahoe,108,327,100,ICC 108-28
Arapahoe,108,328,100,ICC 108-28
Arapahoe,108,329,100,ICC 108-28
Arapahoe,108,330,100,ICC 108-28
Arapahoe,108,331,100,ICC 108-28
Arapahoe,108,332,100,ICC 108-28
Arapahoe,108,333,100,ICC 108-28
Arapahoe,108,334,100,ICC 108-28
Arapahoe,108,335,100,ICC 108-28
Arapahoe,108,336,100,ICC 108-28
Arapahoe,108,337,100,ICC 108-29
Arapahoe,108,338,100,ICC 108-29
Arapahoe,108,339,100,ICC 108-29
Arapahoe,108,340,100,ICC 108-29
Arapahoe,108,341,100,ICC 108-29
Arapahoe,108,342,100,ICC 108-29
Arapahoe,108,343,100,ICC 108-29
Arapahoe,108,344,100,ICC 108-29
Arapahoe,108,345,100,ICC 108-29
Arapahoe,108,346,99,ICC 108-29
Arapahoe,108,347,100,ICC 108-29
Arapahoe,108,348,100,ICC 108-29
Arapahoe,108,349,100,ICC 108-30
Arapahoe,108,350,100,ICC 108-30
Arapahoe,108,351,100,ICC 108-30
Arapahoe,108,352,100,ICC 108-30
Arapahoe,108,353,100,ICC 108-30
Arapahoe,108,354,100,ICC 108-30
Arapahoe,108,355,100,ICC 108-30
Arapahoe,108,356,100,ICC 108-30
Arapahoe,108,357,100,ICC 108-30
Arapahoe,108,358,100,ICC 108-30
Arapahoe,108,359,100,ICC 108-30
Arapahoe,108,360,100,ICC 108-30
Arapahoe,108,361,100,ICC 108-31
Arapahoe,108,362,100,ICC 108-31
Arapahoe,108,363,100,ICC 108-31
Arapahoe,108,364,100,ICC 108-31
Arapahoe,108,365,100,ICC 108-31
Arapahoe,108,366,100,ICC 108-31
Arapahoe,108,367,100,ICC 108-31
Arapahoe,108,368,100,ICC 108-31
Arapahoe,108,369,100,ICC 108-31
Arapahoe,108,370,100,ICC 108-31
Arapahoe,108,371,100,ICC 108-31
Arapahoe,108,372,99,ICC 108-31
Arapahoe,108,373,99,ICC 108-32
Arapahoe,108,374,99,ICC 108-32
Arapahoe,108,375,100,ICC 108-32
Arapahoe,108,376,98,ICC 108-32
Arapahoe,108,377,100,ICC 108-32
Arapahoe,108,378,100,ICC 108-32
Arapahoe,108,379,100,ICC 108-32
Arapahoe,108,380,100,ICC 108-32
Arapahoe,108,381,100,ICC 108-32
Arapahoe,108,382,100,ICC 108-32
Arapahoe,108,383,98,ICC 108-32
Arapahoe,108,384,100,ICC 108-32
Arapahoe,108,385,100,ICC 108-33
Arapahoe,108,386,100,ICC 108-33
Arapahoe,108,387,100,ICC 108-33
Arapahoe,108,388,99,ICC 108-33
Arapahoe,108,389,100,ICC 108-33
Arapahoe,108,390,99,ICC 108-33
Arapahoe,108,391,100,ICC 108-33
Arapahoe,108,392,100,ICC 108-33
Arapahoe,108,393,100,ICC 108-33
Arapahoe,108,394,100,ICC 108-33
Arapahoe,108,395,100,ICC 108-33
Arapahoe,108,396,100,ICC 108-33
Arapahoe,108,397,100,ICC 108-34
Arapahoe,108,398,100,ICC 108-34
Arapahoe,108,399,100,ICC 108-34
Arapahoe,108,400,99,ICC 108-34
Arapahoe,108,401,100,ICC 108-34
Arapahoe,108,402,100,ICC 108-34
Arapahoe,108,403,100,ICC 108-34
Arapahoe,108,404,100,ICC 108-34
Arapahoe,108,405,100,ICC 108-34
Arapahoe,108,406,100,ICC 108-34
Arapahoe,108,407,100,ICC 108-34
Arapahoe,108,408,100,ICC 108-34
Arapahoe,108,409,99,ICC 108-35
Arapahoe,108,410,99,ICC 108-35
Arapahoe,108,411,100,ICC 108-35
Arapahoe,108,412,99,ICC 108-35
Arapahoe,108,413,100,ICC 108-35
Arapahoe,108,414,100,ICC 108-35
Arapahoe,108,415,100,ICC 108-35
Arapahoe,108,416,100,ICC 108-35
Arapahoe,108,417,100,ICC 108-35
Arapahoe,108,418,100,ICC 108-35
Arapahoe,108,419,100,ICC 108-35
Arapahoe,108,420,100,ICC 108-35
Arapahoe,108,421,100,ICC 108-36
Arapahoe,108,422,100,ICC 108-36
Arapahoe,108,423,100,ICC 108-36
Arapahoe,108,424,99,ICC 108-36
Arapahoe,108,425,100,ICC 108-36
Arapahoe,108,426,99,ICC 108-36
Arapahoe,108,427,100,ICC 108-36
Arapahoe,108,428,99,ICC 108-36
Arapahoe,108,429,100,ICC 108-36
Arapahoe,108,430,99,ICC 108-36
Arapahoe,108,431,100,ICC 108-36
Arapahoe,108,432,99,ICC 108-36
Arapahoe,108,433,99,ICC 108-37
Arapahoe,108,434,44,ICC 108-37
Arapahoe,108,435,100,ICC 108-37
Arapahoe,108,436,100,ICC 108-37
Arapahoe,108,437,100,ICC 108-37
Arapahoe,108,438,100,ICC 108-37
Arapahoe,108,439,99,ICC 108-37
Arapahoe,108,440,99,ICC 108-37
Arapahoe,108,441,99,ICC 108-37
Arapahoe,108,442,100,ICC 108-37
Arapahoe,108,443,100,ICC 108-37
Arapahoe,108,444,100,ICC 108-37
Arapahoe,108,445,71,ICC 108-38
Arapahoe,108,446,118,ICC 108-38
Arapahoe,108,447,92,ICC 108-38
Arapahoe,108,448,94,ICC 108-38
Arapahoe,108,449,101,ICC 108-38
Arapahoe,108,450,92,ICC 108-38
Arapahoe,108,451,105,ICC 108-38
Arapahoe,108,452,125,ICC 108-38
Arapahoe,108,453,106,ICC 108-38
Arapahoe,108,454,100,ICC 108-38
Arapahoe,108,455,101,ICC 108-38
Arapahoe,108,456,99,ICC 108-38
Arapahoe,108,457,65,ICC 108-39
Arapahoe,108,458,113,ICC 108-39
Arapahoe,108,459,100,ICC 108-39
Arapahoe,108,460,100,ICC 108-39
Arapahoe,108,461,105,ICC 108-39
Arapahoe,108,462,100,ICC 108-39
Arapahoe,108,463,37,ICC 108-39
Arapahoe,108,464,55,ICC 108-39
Arapahoe,108,465,104,ICC 108-39
Arapahoe,108,466,7,ICC 108-39
Arapahoe,108,467,13,ICC 108-39
Arapahoe,108,468,58,ICC 108-39
Arapahoe,108,469,15,ICC 108-39
Arapahoe,108,470,35,ICC 108-39
Arapahoe,108,471,87,ICC 108-39
Arapahoe,109,1,100,ICC 109-1
Arapahoe,109,2,100,ICC 109-1
Arapahoe,109,3,100,ICC 109-1
Arapahoe,109,4,100,ICC 109-1
Arapahoe,109,5,100,ICC 109-1
Arapahoe,109,6,100,ICC 109-1
Arapahoe,109,7,100,ICC 109-1
Arapahoe,109,8,100,ICC 109-1
Arapahoe,109,9,100,ICC 109-1
Arapahoe,109,10,100,ICC 109-1
Arapahoe,109,11,100,ICC 109-1
Arapahoe,109,12,98,ICC 109-1
Arapahoe,109,13,100,ICC 109-2
Arapahoe,109,14,100,ICC 109-2
Arapahoe,109,15,100,ICC 109-2
Arapahoe,109,16,100,ICC 109-2
Arapahoe,109,17,98,ICC 109-2
Arapahoe,109,18,100,ICC 109-2
Arapahoe,109,19,100,ICC 109-2
Arapahoe,109,20,99,ICC 109-2
Arapahoe,109,21,100,ICC 109-2
Arapahoe,109,22,100,ICC 109-2
Arapahoe,109,23,100,ICC 109-2
Arapahoe,109,24,100,ICC 109-2
Arapahoe,109,25,99,ICC 109-3
Arapahoe,109,26,96,ICC 109-3
Arapahoe,109,27,100,ICC 109-3
Arapahoe,109,28,100,ICC 109-3
Arapahoe,109,29,100,ICC 109-3
Arapahoe,109,30,100,ICC 109-3
Arapahoe,109,31,100,ICC 109-3
Arapahoe,109,32,99,ICC 109-3
Arapahoe,109,33,100,ICC 109-3
Arapahoe,109,34,100,ICC 109-3
Arapahoe,109,35,100,ICC 109-3
Arapahoe,109,36,100,Icc 109-3
Arapahoe,109,37,99,ICC 109-4
Arapahoe,109,38,99,ICC 109-4
Arapahoe,109,39,100,ICC 109-4
Arapahoe,109,40,100,ICC 109-4
Arapahoe,109,41,99,ICC 109-4
Arapahoe,109,42,98,ICC 109-4
Arapahoe,109,43,100,ICC 109-4
Arapahoe,109,44,100,ICC 109-4
Arapahoe,109,45,100,ICC 109-4
Arapahoe,109,46,100,ICC 109-4
Arapahoe,109,47,100,ICC 109-4
Arapahoe,109,48,99,ICC 109-4
Arapahoe,109,49,100,icc 109-5
Arapahoe,109,50,100,icc 109-5
Arapahoe,109,51,100,icc 109-5
Arapahoe,109,52,100,icc 109-5
Arapahoe,109,53,100,icc 109-5
Arapahoe,109,54,100,icc 109-5
Arapahoe,109,55,100,icc 109-5
Arapahoe,109,56,100,icc 109-5
Arapahoe,109,57,99,icc 109-5
Arapahoe,109,58,99,icc 109-5
Arapahoe,109,59,100,icc 109-5
Arapahoe,109,60,100,icc 109-5
Arapahoe,109,61,100,ICC 109-6
Arapahoe,109,62,99,ICC 109-6
Arapahoe,109,63,100,ICC 109-6
Arapahoe,109,64,100,ICC 109-6
Arapahoe,109,65,100,ICC 109-6
Arapahoe,109,66,100,ICC 109-6
Arapahoe,109,67,100,ICC 109-6
Arapahoe,109,68,100,ICC 109-6
Arapahoe,109,69,100,ICC 109-6
Arapahoe,109,70,100,ICC 109-6
Arapahoe,109,71,99,ICC 109-6
Arapahoe,109,72,100,ICC 109-6
Arapahoe,109,73,100,ICC 109-7
Arapahoe,109,74,99,ICC 109-7
Arapahoe,109,75,99,ICC 109-7
Arapahoe,109,76,100,ICC 109-7
Arapahoe,109,77,100,ICC 109-7
Arapahoe,109,78,99,ICC 109-7
Arapahoe,109,79,99,ICC 109-7
Arapahoe,109,80,99,ICC 109-7
Arapahoe,109,81,99,ICC 109-7
Arapahoe,109,82,100,ICC 109-7
Arapahoe,109,83,98,ICC 109-7
Arapahoe,109,84,97,ICC 109-7
Arapahoe,109,85,100,ICC 109-8
Arapahoe,109,86,100,ICC 109-8
Arapahoe,109,87,100,ICC 109-8
Arapahoe,109,88,100,ICC 109-8
Arapahoe,109,89,100,ICC 109-8
Arapahoe,109,90,100,ICC 109-8
Arapahoe,109,91,99,ICC 109-8
Arapahoe,109,92,100,ICC 109-8
Arapahoe,109,93,100,ICC 109-8
Arapahoe,109,94,100,ICC 109-8
Arapahoe,109,95,100,ICC 109-8
Arapahoe,109,96,100,ICC 109-8
Arapahoe,109,97,99,ICC 109-9
Arapahoe,109,98,100,ICC 109-9
Arapahoe,109,99,71,ICC 109-9
Arapahoe,109,100,100,ICC 109-9
Arapahoe,109,101,100,ICC 109-9
Arapahoe,109,102,100,ICC 109-9
Arapahoe,109,103,100,ICC 109-9
Arapahoe,109,104,100,ICC 109-9
Arapahoe,109,105,100,ICC 109-9
Arapahoe,109,106,100,ICC 109-9
Arapahoe,109,107,100,ICC 109-9
Arapahoe,109,108,100,ICC 109-9
Arapahoe,109,109,100,ICC 109-10
Arapahoe,109,110,100,ICC 109-10
Arapahoe,109,111,100,ICC 109-10
Arapahoe,109,112,100,ICC 109-10
Arapahoe,109,113,100,ICC 109-10
Arapahoe,109,114,100,ICC 109-10
Arapahoe,109,115,100,ICC 109-10
Arapahoe,109,116,100,ICC 109-10
Arapahoe,109,117,100,ICC 109-10
Arapahoe,109,118,100,ICC 109-10
Arapahoe,109,119,100,ICC 109-10
Arapahoe,109,120,99,ICC 109-10
Arapahoe,109,121,100,ICC 109-11
Arapahoe,109,122,98,ICC 109-11
Arapahoe,109,123,98,ICC 109-11
Arapahoe,109,124,100,ICC 109-11
Arapahoe,109,125,100,ICC 109-11
Arapahoe,109,126,100,ICC 109-11
Arapahoe,109,127,100,ICC 109-11
Arapahoe,109,128,100,ICC 109-11
Arapahoe,109,129,37,ICC 109-11
Arapahoe,109,130,100,ICC 109-11
Arapahoe,109,131,99,ICC 109-11
Arapahoe,109,132,100,ICC 109-11
Arapahoe,109,133,100,ICC 109-12
Arapahoe,109,134,100,ICC 109-12
Arapahoe,109,135,100,ICC 109-12
Arapahoe,109,136,100,ICC 109-12
Arapahoe,109,137,99,ICC 109-12
Arapahoe,109,138,99,ICC 109-12
Arapahoe,109,139,99,ICC 109-12
Arapahoe,109,140,100,ICC 109-12
Arapahoe,109,141,100,ICC 109-12
Arapahoe,109,142,100,ICC 109-12
Arapahoe,109,143,97,ICC 109-12
Arapahoe,109,144,99,ICC 109-12
Arapahoe,109,145,100,ICC 109-13
Arapahoe,109,146,100,ICC 109-13
Arapahoe,109,147,100,ICC 109-13
Arapahoe,109,148,100,ICC 109-13
Arapahoe,109,149,99,ICC 109-13
Arapahoe,109,150,100,ICC 109-13
Arapahoe,109,151,100,ICC 109-13
Arapahoe,109,152,100,ICC 109-13
Arapahoe,109,153,100,ICC 109-13
Arapahoe,109,154,99,ICC 109-13
Arapahoe,109,155,100,ICC 109-13
Arapahoe,109,156,100,ICC 109-13
Arapahoe,109,157,98,ICC 109-14
Arapahoe,109,158,100,ICC 109-14
Arapahoe,109,159,100,ICC 109-14
Arapahoe,109,160,100,ICC 109-14
Arapahoe,109,161,100,ICC 109-14
Arapahoe,109,162,100,ICC 109-14
Arapahoe,109,163,100,ICC 109-14
Arapahoe,109,164,100,ICC 109-14
Arapahoe,109,165,100,ICC 109-14
Arapahoe,109,166,98,ICC 109-14
Arapahoe,109,167,100,ICC 109-14
Arapahoe,109,168,99,ICC 109-14
Arapahoe,109,169,16,ICC 109-15
Arapahoe,109,170,87,ICC 109-15
Arapahoe,109,171,100,ICC 109-15
Arapahoe,109,172,99,ICC 109-15
Arapahoe,109,173,100,ICC 109-15
Arapahoe,109,174,100,ICC 109-15
Arapahoe,109,175,100,ICC 109-15
Arapahoe,109,176,98,ICC 109-15
Arapahoe,109,177,100,ICC 109-15
Arapahoe,109,178,53,ICC 109-15
Arapahoe,109,179,100,ICC 109-15
Arapahoe,109,180,100,ICC 109-15
Arapahoe,109,181,100,ICC 109-16
Arapahoe,109,182,99,ICC 109-16
Arapahoe,109,183,100,ICC 109-16
Arapahoe,109,184,100,ICC 109-16
Arapahoe,109,185,99,ICC 109-16
Arapahoe,109,186,99,ICC 109-16
Arapahoe,109,187,100,ICC 109-16
Arapahoe,109,188,100,ICC 109-16
Arapahoe,109,189,100,ICC 109-16
Arapahoe,109,190,100,ICC 109-16
Arapahoe,109,191,100,ICC 109-16
Arapahoe,109,192,99,ICC 109-16
Arapahoe,109,193,99,ICC 109-17
Arapahoe,109,194,100,ICC 109-17
Arapahoe,109,195,100,ICC 109-17
Arapahoe,109,196,98,ICC 109-17
Arapahoe,109,197,100,ICC 109-17
Arapahoe,109,198,100,ICC 109-17
Arapahoe,109,199,100,ICC 109-17
Arapahoe,109,200,100,ICC 109-17
Arapahoe,109,201,100,ICC 109-17
Arapahoe,109,202,100,ICC 109-17
Arapahoe,109,203,100,ICC 109-17
Arapahoe,109,204,100,ICC 109-17
Arapahoe,109,205,100,ICC 109-18
Arapahoe,109,206,100,ICC 109-18
Arapahoe,109,207,100,ICC 109-18
Arapahoe,109,208,100,ICC 109-18
Arapahoe,109,209,100,ICC 109-18
Arapahoe,109,210,29,ICC 109-18
Arapahoe,109,211,100,ICC 109-18
Arapahoe,109,212,100,ICC 109-18
Arapahoe,109,213,100,ICC 109-18
Arapahoe,109,214,99,ICC 109-18
Arapahoe,109,215,100,ICC 109-18
Arapahoe,109,216,100,ICC 109-18
Arapahoe,109,217,100,ICC 109-19
Arapahoe,109,218,60,ICC 109-19
Arapahoe,109,219,100,ICC 109-19
Arapahoe,109,220,99,ICC 109-19
Arapahoe,109,221,100,ICC 109-19
Arapahoe,109,222,100,ICC 109-19
Arapahoe,109,223,100,ICC 109-19
Arapahoe,109,224,100,ICC 109-19
Arapahoe,109,225,100,ICC 109-19
Arapahoe,109,226,100,ICC 109-19
Arapahoe,109,227,100,ICC 109-19
Arapahoe,109,228,100,ICC 109-19
Arapahoe,109,229,9,ICC 109-20
Arapahoe,109,230,100,ICC 109-20
Arapahoe,109,231,100,ICC 109-20
Arapahoe,109,232,100,ICC 109-20
Arapahoe,109,233,100,ICC 109-20
Arapahoe,109,234,100,ICC 109-20
Arapahoe,109,235,100,ICC 109-20
Arapahoe,109,236,100,ICC 109-20
Arapahoe,109,237,100,ICC 109-20
Arapahoe,109,238,99,ICC 109-20
Arapahoe,109,239,100,ICC 109-20
Arapahoe,109,240,100,ICC 109-20
Arapahoe,109,241,99,ICC 109-21
Arapahoe,109,242,100,ICC 109-21
Arapahoe,109,243,100,ICC 109-21
Arapahoe,109,244,100,ICC 109-21
Arapahoe,109,245,100,ICC 109-21
Arapahoe,109,246,100,ICC 109-21
Arapahoe,109,247,100,ICC 109-21
Arapahoe,109,248,100,ICC 109-21
Arapahoe,109,249,100,ICC 109-21
Arapahoe,109,250,100,ICC 109-21
Arapahoe,109,251,100,ICC 109-21
Arapahoe,109,252,100,ICC 109-21
Arapahoe,109,253,100,ICC 109-22
Arapahoe,109,254,100,ICC 109-22
Arapahoe,109,255,100,ICC 109-22
Arapahoe,109,256,99,ICC 109-22
Arapahoe,109,257,100,ICC 109-22
Arapahoe,109,258,100,ICC 109-22
Arapahoe,109,259,100,ICC 109-22
Arapahoe,109,260,100,ICC 109-22
Arapahoe,109,261,100,ICC 109-22
Arapahoe,109,262,100,ICC 109-22
Arapahoe,109,263,100,ICC 109-22
Arapahoe,109,264,100,ICC 109-22
Arapahoe,109,265,100,ICC 109-23
Arapahoe,109,266,100,ICC 109-23
Arapahoe,109,267,100,ICC 109-23
Arapahoe,109,268,100,ICC 109-23
Arapahoe,109,269,100,ICC 109-23
Arapahoe,109,270,100,ICC 109-23
Arapahoe,109,271,100,ICC 109-23
Arapahoe,109,272,94,ICC 109-23
Arapahoe,109,273,100,ICC 109-23
Arapahoe,109,274,100,ICC 109-23
Arapahoe,109,275,100,ICC 109-23
Arapahoe,109,276,100,ICC 109-23
Arapahoe,109,277,100,ICC 109-24
Arapahoe,109,278,99,ICC 109-24
Arapahoe,109,279,23,ICC 109-24
Arapahoe,109,280,100,ICC 109-24
Arapahoe,109,281,100,ICC 109-24
Arapahoe,109,282,99,ICC 109-24
Arapahoe,109,283,99,ICC 109-24
Arapahoe,109,284,96,ICC 109-24
Arapahoe,109,285,100,ICC 109-24
Arapahoe,109,286,100,ICC 109-24
Arapahoe,109,287,100,ICC 109-24
Arapahoe,109,288,100,ICC 109-24
Arapahoe,109,289,100,ICC 109-25
Arapahoe,109,290,100,ICC 109-25
Arapahoe,109,291,100,ICC 109-25
Arapahoe,109,292,99,ICC 109-25
Arapahoe,109,293,100,ICC 109-25
Arapahoe,109,294,100,ICC 109-25
Arapahoe,109,295,100,ICC 109-25
Arapahoe,109,296,100,ICC 109-25
Arapahoe,109,297,99,ICC 109-25
Arapahoe,109,298,35,ICC 109-25
Arapahoe,109,299,100,ICC 109-25
Arapahoe,109,300,100,ICC 109-25
Arapahoe,109,301,100,ICC 109-26
Arapahoe,109,302,100,ICC 109-26
Arapahoe,109,303,99,ICC 109-26
Arapahoe,109,304,100,ICC 109-26
Arapahoe,109,305,100,ICC 109-26
Arapahoe,109,306,100,ICC 109-26
Arapahoe,109,307,100,ICC 109-26
Arapahoe,109,308,100,ICC 109-26
Arapahoe,109,309,100,ICC 109-26
Arapahoe,109,310,100,ICC 109-26
Arapahoe,109,311,100,ICC 109-26
Arapahoe,109,312,100,ICC 109-26
Arapahoe,109,313,99,ICC 109-27
Arapahoe,109,314,99,ICC 109-27
Arapahoe,109,315,100,ICC 109-27
Arapahoe,109,316,100,ICC 109-27
Arapahoe,109,317,100,ICC 109-27
Arapahoe,109,318,100,ICC 109-27
Arapahoe,109,319,100,ICC 109-27
Arapahoe,109,320,100,ICC 109-27
Arapahoe,109,321,100,ICC 109-27
Arapahoe,109,322,100,ICC 109-27
Arapahoe,109,323,100,ICC 109-27
Arapahoe,109,324,100,ICC 109-27
Arapahoe,109,325,100,ICC 109-28
Arapahoe,109,326,99,ICC 109-28
Arapahoe,109,327,100,ICC 109-28
Arapahoe,109,328,99,ICC 109-28
Arapahoe,109,329,100,ICC 109-28
Arapahoe,109,330,100,ICC 109-28
Arapahoe,109,331,99,ICC 109-28
Arapahoe,109,332,100,ICC 109-28
Arapahoe,109,333,100,ICC 109-28
Arapahoe,109,334,100,ICC 109-28
Arapahoe,109,335,100,ICC 109-28
Arapahoe,109,336,100,ICC 109-28
Arapahoe,109,337,98,ICC 109-29
Arapahoe,109,338,99,ICC 109-29
Arapahoe,109,339,100,ICC 109-29
Arapahoe,109,340,100,ICC 109-29
Arapahoe,109,341,100,ICC 109-29
Arapahoe,109,342,100,ICC 109-29
Arapahoe,109,343,100,ICC 109-29
Arapahoe,109,344,100,ICC 109-29
Arapahoe,109,345,100,ICC 109-29
Arapahoe,109,346,100,ICC 109-29
Arapahoe,109,347,100,ICC 109-29
Arapahoe,109,348,100,ICC 109-29
Arapahoe,109,349,100,ICC 109-30
Arapahoe,109,350,100,ICC 109-30
Arapahoe,109,351,100,ICC 109-30
Arapahoe,109,352,100,ICC 109-30
Arapahoe,109,353,100,ICC 109-30
Arapahoe,109,354,100,ICC 109-30
Arapahoe,109,355,100,ICC 109-30
Arapahoe,109,356,100,ICC 109-30
Arapahoe,109,357,100,ICC 109-30
Arapahoe,109,358,100,ICC 109-30
Arapahoe,109,359,100,ICC 109-30
Arapahoe,109,360,100,ICC 109-30
Arapahoe,109,361,100,ICC 109-31
Arapahoe,109,362,100,ICC 109-31
Arapahoe,109,363,100,ICC 109-31
Arapahoe,109,364,100,ICC 109-31
Arapahoe,109,365,100,ICC 109-31
Arapahoe,109,366,100,ICC 109-31
Arapahoe,109,367,100,ICC 109-31
Arapahoe,109,368,100,ICC 109-31
Arapahoe,109,369,100,ICC 109-31
Arapahoe,109,370,100,ICC 109-31
Arapahoe,109,371,100,ICC 109-31
Arapahoe,109,372,100,ICC 109-31
Arapahoe,109,373,100,ICC 109-32
Arapahoe,109,374,99,ICC 109-32
Arapahoe,109,375,100,ICC 109-32
Arapahoe,109,376,100,ICC 109-32
Arapahoe,109,377,100,ICC 109-32
Arapahoe,109,378,100,ICC 109-32
Arapahoe,109,379,100,ICC 109-32
Arapahoe,109,380,99,ICC 109-32
Arapahoe,109,381,100,ICC 109-32
Arapahoe,109,382,100,ICC 109-32
Arapahoe,109,383,100,ICC 109-32
Arapahoe,109,384,100,ICC 109-32
Arapahoe,109,385,99,ICC 109-33
Arapahoe,109,386,100,ICC 109-33
Arapahoe,109,387,99,ICC 109-33
Arapahoe,109,388,100,ICC 109-33
Arapahoe,109,389,100,ICC 109-33
Arapahoe,109,390,99,ICC 109-33
Arapahoe,109,391,100,ICC 109-33
Arapahoe,109,392,100,ICC 109-33
Arapahoe,109,393,98,ICC 109-33
Arapahoe,109,394,100,ICC 109-33
Arapahoe,109,395,100,ICC 109-33
Arapahoe,109,396,100,ICC 109-33
Arapahoe,109,397,100,ICC 109-34
Arapahoe,109,398,100,ICC 109-34
Arapahoe,109,399,100,ICC 109-34
Arapahoe,109,400,99,ICC 109-34
Arapahoe,109,401,100,ICC 109-34
Arapahoe,109,402,100,ICC 109-34
Arapahoe,109,403,100,ICC 109-34
Arapahoe,109,404,99,ICC 109-34
Arapahoe,109,405,100,ICC 109-34
Arapahoe,109,406,100,ICC 109-34
Arapahoe,109,407,99,ICC 109-34
Arapahoe,109,408,100,ICC 109-34
Arapahoe,109,409,100,ICC 109-35
Arapahoe,109,410,100,ICC 109-35
Arapahoe,109,411,100,ICC 109-35
Arapahoe,109,412,100,ICC 109-35
Arapahoe,109,413,99,ICC 109-35
Arapahoe,109,414,100,ICC 109-35
Arapahoe,109,415,100,ICC 109-35
Arapahoe,109,416,100,ICC 109-35
Arapahoe,109,417,100,ICC 109-35
Arapahoe,109,418,100,ICC 109-35
Arapahoe,109,419,100,ICC 109-35
Arapahoe,109,420,100,ICC 109-35
Arapahoe,109,421,100,ICC 109-36
Arapahoe,109,422,100,ICC 109-36
Arapahoe,109,423,100,ICC 109-36
Arapahoe,109,424,100,ICC 109-36
Arapahoe,109,425,100,ICC 109-36
Arapahoe,109,426,100,ICC 109-36
Arapahoe,109,427,100,ICC 109-36
Arapahoe,109,428,100,ICC 109-36
Arapahoe,109,429,100,ICC 109-36
Arapahoe,109,430,100,ICC 109-36
Arapahoe,109,431,100,ICC 109-36
Arapahoe,109,432,100,ICC 109-36
Arapahoe,109,433,98,ICC 109-37
Arapahoe,109,434,100,ICC 109-37
Arapahoe,109,435,98,ICC 109-37
Arapahoe,109,436,99,ICC 109-37
Arapahoe,109,437,100,ICC 109-37
Arapahoe,109,438,100,ICC 109-37
Arapahoe,111,1,122,ICC 111-1
Arapahoe,111,2,112,ICC 111-1
Arapahoe,111,3,120,ICC 111-1
Arapahoe,111,4,111,ICC 111-1
Arapahoe,111,5,109,ICC 111-1
Arapahoe,111,6,102,ICC 111-1
Arapahoe,111,7,91,ICC 111-1
Arapahoe,111,8,102,ICC 111-1
Arapahoe,111,9,116,ICC 111-1
Arapahoe,111,10,114,ICC 111-1
Arapahoe,111,11,93,ICC 111-1
Arapahoe,111,12,106,ICC 111-1
Arapahoe,111,13,111,ICC 111-2
Arapahoe,111,14,110,ICC 111-2
Arapahoe,111,15,99,ICC 111-2
Arapahoe,111,16,63,ICC 111-2
Arapahoe,111,17,157,ICC 111-2
Arapahoe,111,18,116,ICC 111-2
Arapahoe,111,19,137,ICC 111-2
Arapahoe,111,20,96,ICC 111-2
Arapahoe,111,21,78,ICC 111-2
Arapahoe,111,22,116,ICC 111-2
Arapahoe,111,23,112,ICC 111-2
Arapahoe,111,24,150,ICC 111-2
Arapahoe,111,25,106,ICC 111-3
Arapahoe,111,26,78,ICC 111-3
Arapahoe,111,27,87,ICC 111-3
Arapahoe,120,1,117,ICC 120-1
Arapahoe,120,2,120,ICC 120-1
Arapahoe,120,3,112,ICC 120-1
Arapahoe,120,4,151,ICC 120-1
Arapahoe,120,5,162,ICC 120-1
Arapahoe,120,6,140,ICC 120-1
Arapahoe,120,7,68,ICC 120-1
Arapahoe,120,8,22,ICC 120-1
Arapahoe,120,9,96,ICC 120-1
Arapahoe,120,10,99,ICC 120-1
Arapahoe,120,11,161,ICC 120-1
Arapahoe,120,12,74,ICC 120-1
Arapahoe,120,13,106,ICC 120-2
Arapahoe,120,14,108,ICC 120-2
Arapahoe,120,15,99,ICC 120-2
Arapahoe,120,16,127,ICC 120-2
Arapahoe,120,17,55,ICC 120-2
Arapahoe,120,18,147,ICC 120-2
Arapahoe,120,19,128,ICC 120-2
Arapahoe,120,20,106,ICC 120-2
Arapahoe,120,21,151,ICC 120-2
Arapahoe,120,22,123,ICC 120-2
Arapahoe,120,23,142,ICC 120-2
Arapahoe,120,24,108,ICC 120-2
Arapahoe,120,25,112,ICC 120-3
Arapahoe,120,26,152,ICC 120-3
Arapahoe,120,27,162,ICC 120-3
Arapahoe,120,28,163,ICC 120-3
Arapahoe,120,29,102,ICC 120-3
Arapahoe,120,30,149,ICC 120-3
Arapahoe,120,31,149,ICC 120-3
Arapahoe,120,32,196,ICC 120-3
Arapahoe,120,33,71,ICC 120-3
Arapahoe,120,34,13,ICC 120-3
Arapahoe,120,35,111,ICC 120-3
Arapahoe,120,36,163,ICC 120-3
Arapahoe,120,37,107,ICC 120-4
Arapahoe,120,38,129,ICC 120-4
Arapahoe,120,39,145,ICC 120-4
Arapahoe,120,40,143,ICC 120-4
Arapahoe,120,41,92,ICC 120-4
Arapahoe,120,42,136,ICC 120-4
Arapahoe,120,43,93,ICC 120-4
Arapahoe,120,44,111,ICC 120-4
Arapahoe,120,45,119,ICC 120-4
Arapahoe,120,46,86,ICC 120-4
Arapahoe,120,47,70,ICC 120-4
Arapahoe,120,48,180,ICC 120-4
Arapahoe,120,49,118,ICC 120-5
Arapahoe,120,50,103,ICC 120-5
Arapahoe,120,51,123,ICC 120-5
Arapahoe,120,52,124,ICC 120-5
Arapahoe,120,53,119,ICC 120-5
Arapahoe,120,54,143,ICC 120-5
Arapahoe,120,55,164,ICC 120-5
Arapahoe,120,56,155,ICC 120-5
Arapahoe,120,57,89,ICC 120-5
Arapahoe,120,58,157,ICC 120-5
Arapahoe,120,59,108,ICC 120-5
Arapahoe,120,60,144,ICC 120-5
Arapahoe,120,61,109,ICC 120-6
Arapahoe,120,62,141,ICC 120-6
Arapahoe,120,63,166,ICC 120-6
Arapahoe,120,64,162,ICC 120-6
Arapahoe,120,65,133,ICC 120-6
Arapahoe,120,66,131,ICC 120-6
Arapahoe,120,67,113,ICC 120-6
Arapahoe,120,68,153,ICC 120-6
Arapahoe,120,69,160,ICC 120-6
Arapahoe,120,70,163,ICC 120-6
Arapahoe,120,71,117,ICC 120-6
Arapahoe,120,72,142,ICC 120-6
Arapahoe,120,73,53,ICC 120-7
Arapahoe,120,74,124,ICC 120-7
Arapahoe,120,75,105,ICC 120-7
Arapahoe,120,76,37,ICC 120-7
Arapahoe,120,77,1,ICC 120-7
Arapahoe,120,78,22,ICC 120-7
